year,month,day,daily_temp,date
2013,12,6,21.917650212765956,2013-12-06
2013,12,7,21.701704166666666,2013-12-07
2013,12,8,20.765022916666666,2013-12-08
2013,12,9,21.117945833333334,2013-12-09
2013,12,10,20.895677604166668,2013-12-10
2013,12,11,14.505176562499999,2013-12-11
2013,12,12,14.392538020833333,2013-12-12
2013,12,13,11.2134953125,2013-12-13
2013,12,14,16.923701041666668,2013-12-14
2013,12,15,17.3082921875,2013-12-15
2013,12,16,8.984610416666667,2013-12-16
2013,12,17,9.24999375,2013-12-17
2013,12,18,9.976630208333333,2013-12-18
2013,12,19,10.1114859375,2013-12-19
2013,12,20,15.252271875,2013-12-20
2013,12,21,20.410261979166666,2013-12-21
2013,12,22,22.6373015625,2013-12-22
2013,12,23,22.2511921875,2013-12-23
2013,12,24,15.465182291666666,2013-12-24
2013,12,25,9.569205208333333,2013-12-25
2013,12,26,12.8392109375,2013-12-26
2013,12,27,12.375114583333334,2013-12-27
2013,12,28,16.378800520833334,2013-12-28
2013,12,29,20.344835416666665,2013-12-29
2013,12,30,13.982244791666666,2013-12-30
2013,12,31,13.271398979591837,2013-12-31
2014,1,1,12.044566145833333,2014-01-01
2014,1,2,15.442344270833333,2014-01-02
2014,1,3,6.985195833333333,2014-01-03
2014,1,4,6.214530366492147,2014-01-04
2014,1,5,15.010984375,2014-01-05
2014,1,6,13.8883171875,2014-01-06
2014,1,7,1.1450005208333334,2014-01-07
2014,1,8,3.2596078125,2014-01-08
2014,1,9,11.797064583333333,2014-01-09
2014,1,10,19.4516828125,2014-01-10
2014,1,11,21.1769734375,2014-01-11
2014,1,12,15.1412125,2014-01-12
2014,1,13,12.583083333333333,2014-01-13
2014,1,14,17.13228125,2014-01-14
2014,1,15,11.408858333333333,2014-01-15
2014,1,16,7.946111979166667,2014-01-16
2014,1,17,6.878021693121693,2014-01-17
2014,1,18,9.066792708333333,2014-01-18
2014,1,19,6.78449375,2014-01-19
2014,1,20,10.215111458333334,2014-01-20
2014,1,21,12.892863020833333,2014-01-21
2014,1,22,6.6675421875,2014-01-22
2014,1,23,4.744446354166667,2014-01-23
2014,1,24,5.018894270833333,2014-01-24
2014,1,25,8.4067015625,2014-01-25
2014,1,26,11.6201328125,2014-01-26
2014,1,27,15.928629842931937,2014-01-27
2014,1,28,14.368033962264152,2014-01-28
2014,1,29,5.26310625,2014-01-29
2014,1,30,2.832479861111111,2014-01-30
2014,1,31,8.262709523809523,2014-01-31
2014,2,1,14.794678947368421,2014-02-01
2014,2,2,18.555367708333332,2014-02-02
2014,2,3,21.345027083333335,2014-02-03
2014,2,4,18.977781521739132,2014-02-04
2014,2,5,21.784066666666668,2014-02-05
2014,2,6,13.279267361111112,2014-02-06
2014,2,7,8.87314375,2014-02-07
2014,2,8,10.271797222222222,2014-02-08
2014,2,9,11.134428472222222,2014-02-09
2014,2,10,12.517309027777777,2014-02-10
2014,2,11,14.179846527777778,2014-02-11
2014,2,12,10.546769444444445,2014-02-12
2014,2,13,9.547298611111112,2014-02-13
2014,2,14,8.307475694444445,2014-02-14
2014,2,15,11.708574305555556,2014-02-15
2014,2,16,10.182627777777778,2014-02-16
2014,2,17,12.888049305555555,2014-02-17
2014,2,18,14.7250625,2014-02-18
2014,2,19,18.966915277777776,2014-02-19
2014,2,20,18.967943055555555,2014-02-20
2014,2,21,19.683939583333334,2014-02-21
2014,2,22,18.2519625,2014-02-22
2014,2,23,14.472655555555555,2014-02-23
2014,2,24,16.781288343558284,2014-02-24
2014,2,25,17.893873958333334,2014-02-25
2014,2,26,15.034244270833334,2014-02-26
2014,2,27,10.8140890625,2014-02-27
2014,2,28,9.882411173184357,2014-02-28
2014,3,1,13.466670833333334,2014-03-01
2014,3,2,15.728992708333333,2014-03-02
2014,3,3,18.23653854166667,2014-03-03
2014,3,4,15.4679046875,2014-03-04
2014,3,5,9.083373958333333,2014-03-05
2014,3,6,11.762858854166666,2014-03-06
2014,3,7,7.942305789473684,2014-03-07
2014,3,8,10.727722395833334,2014-03-08
2014,3,9,14.571377604166667,2014-03-09
2014,3,10,17.52786510416667,2014-03-10
2014,3,11,18.160725,2014-03-11
2014,3,12,20.722623958333333,2014-03-12
2014,3,13,13.22387183908046,2014-03-13
2014,3,14,13.46804,2014-03-14
2014,3,15,16.861624479166668,2014-03-15
2014,3,16,20.1437,2014-03-16
2014,3,17,16.90715625,2014-03-17
2014,3,18,15.998404166666667,2014-03-18
2014,3,19,14.717279166666666,2014-03-19
2014,3,20,16.717626041666666,2014-03-20
2014,3,21,18.203925520833334,2014-03-21
2014,3,22,20.614703125,2014-03-22
2014,3,23,19.745051041666667,2014-03-23
2014,3,24,17.448116666666667,2014-03-24
2014,3,25,16.864300520833332,2014-03-25
2014,3,26,9.18552323943662,2014-03-26
2014,3,27,14.717342857142857,2014-03-27
2014,3,28,19.469761979166666,2014-03-28
2014,3,29,20.044049479166667,2014-03-29
2014,3,30,16.620810416666668,2014-03-30
2014,3,31,16.081723469387754,2014-03-31
2014,4,1,17.456690104166668,2014-04-01
2014,4,2,19.319104166666666,2014-04-02
2014,4,3,20.7187234375,2014-04-03
2014,4,4,21.04758072916667,2014-04-04
2014,4,5,20.507665625,2014-04-05
2014,4,6,23.040358854166666,2014-04-06
2014,4,7,23.600300625,2014-04-07
2014,4,8,21.8921075,2014-04-08
2014,4,9,16.700213978494624,2014-04-09
2014,4,10,17.342493229166667,2014-04-10
2014,4,11,18.007171875,2014-04-11
2014,4,12,20.909984895833333,2014-04-12
2014,4,13,20.626089583333332,2014-04-13
2014,4,14,22.6387578125,2014-04-14
2014,4,15,21.058646354166665,2014-04-15
2014,4,16,13.096893193717278,2014-04-16
2014,4,17,16.966496875,2014-04-17
2014,4,18,19.521356770833332,2014-04-18
2014,4,19,19.281232291666665,2014-04-19
2014,4,20,15.405332291666667,2014-04-20
2014,4,21,17.210059375,2014-04-21
2014,4,22,19.855461006289307,2014-04-22
2014,4,23,21.514817708333332,2014-04-23
2014,4,24,21.220966666666666,2014-04-24
2014,4,25,22.790044270833334,2014-04-25
2014,4,26,23.906538541666666,2014-04-26
2014,4,27,23.6369375,2014-04-27
2014,4,28,25.548590104166667,2014-04-28
2014,4,29,24.0634296875,2014-04-29
2014,4,30,23.17575255102041,2014-04-30
2014,5,1,23.477306770833334,2014-05-01
2014,5,2,19.545028491620112,2014-05-02
2014,5,3,17.051131944444446,2014-05-03
2014,5,4,19.62992152777778,2014-05-04
2014,5,5,22.895979861111112,2014-05-05
2014,5,6,23.09238455882353,2014-05-06
2014,5,7,23.015413953488373,2014-05-07
2014,5,8,25.241993333333333,2014-05-08
2014,5,9,25.350048958333332,2014-05-09
2014,5,10,25.06328144329897,2014-05-10
2014,5,11,25.113408421052632,2014-05-11
2014,5,12,23.895482828282827,2014-05-12
2014,5,13,24.413705208333333,2014-05-13
2014,5,14,23.806849494949496,2014-05-14
2014,5,15,24.181999099099098,2014-05-15
2014,5,16,19.702505154639177,2014-05-16
2014,5,17,19.408646875,2014-05-17
2014,5,18,19.790360204081633,2014-05-18
2014,5,19,22.82598596491228,2014-05-19
2014,5,20,22.164841666666668,2014-05-20
2014,5,21,21.814005555555557,2014-05-21
2014,5,22,24.840606944444446,2014-05-22
2014,5,23,24.9147968,2014-05-23
2014,5,24,26.974909375,2014-05-24
2014,5,25,25.324435416666667,2014-05-25
2014,5,26,23.091490625,2014-05-26
2014,5,27,24.255870833333333,2014-05-27
2014,5,28,24.254641666666668,2014-05-28
2014,5,29,23.822808333333334,2014-05-29
2014,5,30,23.46112395833333,2014-05-30
2014,5,31,23.052986734693878,2014-05-31
2014,6,1,23.602979166666668,2014-06-01
2014,6,2,23.651805263157893,2014-06-02
2014,6,3,22.75366770833333,2014-06-03
2014,6,4,23.90110909090909,2014-06-04
2014,6,5,24.622998936170212,2014-06-05
2014,6,6,26.55343020833333,2014-06-06
2014,6,7,25.937822916666665,2014-06-07
2014,6,8,25.291176041666667,2014-06-08
2014,6,9,25.316140104166667,2014-06-09
2014,6,10,24.969007291666667,2014-06-10
2014,6,11,21.381102459016393,2014-06-11
2014,6,14,26.830503225806453,2014-06-14
2014,6,15,25.302555063291138,2014-06-15
2014,6,16,23.305049342105264,2014-06-16
2014,6,17,21.634188541666667,2014-06-17
2014,6,18,29.191698333333335,2014-06-18
2014,6,19,25.856089699570816,2014-06-19
2014,6,20,26.877818333333334,2014-06-20
2014,6,21,25.818915,2014-06-21
2014,6,22,25.84618,2014-06-22
2014,6,23,24.628909583333332,2014-06-23
2014,6,24,25.150831666666665,2014-06-24
2014,6,25,27.17960125,2014-06-25
2014,6,26,27.928099166666666,2014-06-26
2014,6,27,28.482721666666666,2014-06-27
2014,6,28,28.89621916666667,2014-06-28
2014,6,29,27.939977916666667,2014-06-29
2014,6,30,27.523864081632652,2014-06-30
2014,7,1,27.41977625,2014-07-01
2014,7,2,27.062506666666668,2014-07-02
2014,7,3,26.60166875,2014-07-03
2014,7,4,24.4438975,2014-07-04
2014,7,5,25.206454166666667,2014-07-05
2014,7,6,24.034966666666666,2014-07-06
2014,7,7,24.699083913043477,2014-07-07
2014,7,8,25.66048978723404,2014-07-08
2014,7,9,26.439423333333334,2014-07-09
2014,7,10,26.331377083333333,2014-07-10
2014,7,11,26.5308185,2014-07-11
2014,7,12,23.64564875,2014-07-12
2014,7,13,25.635110416666667,2014-07-13
2014,7,14,25.219859583333335,2014-07-14
2014,7,15,23.979186315789473,2014-07-15
2014,8,7,30.30738849557522,2014-08-07
2014,8,8,25.510924583333335,2014-08-08
2014,8,9,26.665435416666668,2014-08-09
2014,8,10,27.360480416666668,2014-08-10
2014,8,11,25.758979166666666,2014-08-11
2014,8,12,25.156995416666668,2014-08-12
2014,8,13,26.175208333333334,2014-08-13
2014,8,14,25.603585833333334,2014-08-14
2014,8,15,25.29359375,2014-08-15
2014,8,16,26.42474875,2014-08-16
2014,8,17,27.552445416666668,2014-08-17
2014,8,18,26.402309166666665,2014-08-18
2014,8,19,27.61302166666667,2014-08-19
2014,8,20,28.2306825,2014-08-20
2014,8,21,28.140648333333335,2014-08-21
2014,8,22,26.732757916666667,2014-08-22
2014,8,23,27.379720833333334,2014-08-23
2014,8,24,26.310507083333334,2014-08-24
2014,8,25,25.310775,2014-08-25
2014,8,26,25.514384166666666,2014-08-26
2014,8,27,25.41010916666667,2014-08-27
2014,8,28,25.36643,2014-08-28
2014,8,29,25.89406,2014-08-29
2014,8,30,26.44054,2014-08-30
2014,8,31,26.46253875,2014-08-31
2014,9,1,27.29842625,2014-09-01
2014,9,2,26.778743333333335,2014-09-02
2014,9,3,27.052394166666666,2014-09-03
2014,9,4,25.624142916666667,2014-09-04
2014,9,5,24.491782916666665,2014-09-05
2014,9,6,24.256165,2014-09-06
2014,9,7,24.98365,2014-09-07
2014,9,8,25.046143333333333,2014-09-08
2014,9,9,23.5464635,2014-09-09
2014,9,10,25.637255833333334,2014-09-10
2014,9,11,26.2786175,2014-09-11
2014,9,12,26.498392916666667,2014-09-12
2014,9,13,26.956746666666668,2014-09-13
2014,9,14,26.924047083333335,2014-09-14
2014,9,15,25.817228333333333,2014-09-15
2014,9,16,24.5421625,2014-09-16
2014,9,17,24.083346249999998,2014-09-17
2014,9,18,25.16106125,2014-09-18
2014,9,19,22.939487916666668,2014-09-19
2014,9,20,23.08312,2014-09-20
2014,9,21,23.792522916666666,2014-09-21
2014,9,22,23.290001666666665,2014-09-22
2014,9,23,22.57099708333333,2014-09-23
2014,9,24,21.356130833333335,2014-09-24
2014,9,25,20.745342916666665,2014-09-25
2014,9,26,22.610734583333333,2014-09-26
2014,9,27,24.62498375,2014-09-27
2014,9,28,24.391524583333332,2014-09-28
2014,9,29,23.317600833333334,2014-09-29
2014,9,30,23.7980125,2014-09-30
2014,10,1,24.043733333333332,2014-10-01
2014,10,2,24.949733333333334,2014-10-02
2014,10,3,24.590150416666667,2014-10-03
2014,10,4,23.592490833333333,2014-10-04
2014,10,5,17.26846958333333,2014-10-05
2014,10,6,17.7620025,2014-10-06
2014,10,7,22.256292916666666,2014-10-07
2014,10,8,24.206976666666666,2014-10-08
2014,10,9,24.091369166666667,2014-10-09
2014,10,10,23.9658875,2014-10-10
2014,10,11,23.56311125,2014-10-11
2014,10,12,24.23309,2014-10-12
2014,10,13,24.582755833333334,2014-10-13
2014,10,14,24.290708333333335,2014-10-14
2014,10,15,22.151529166666666,2014-10-15
2014,10,16,18.68497375,2014-10-16
2014,10,17,18.4730725,2014-10-17
2014,10,18,19.40006916666667,2014-10-18
2014,10,19,19.8704,2014-10-19
2014,10,20,20.437124583333333,2014-10-20
2014,10,21,22.129744583333334,2014-10-21
2014,10,22,19.727889583333333,2014-10-22
2014,10,23,17.036990833333334,2014-10-23
2014,10,24,16.573571666666666,2014-10-24
2014,10,25,16.942094583333333,2014-10-25
2014,10,26,17.383843333333335,2014-10-26
2014,10,27,20.901792083333333,2014-10-27
2014,10,28,20.98887,2014-10-28
2014,10,29,21.661149583333334,2014-10-29
2014,10,30,20.01348,2014-10-30
2014,10,31,17.815942083333333,2014-10-31
2014,11,1,11.86584625,2014-11-01
2014,11,2,9.384632916666666,2014-11-02
2014,11,3,11.3224075,2014-11-03
2014,11,4,15.842705833333333,2014-11-04
2014,11,5,19.96229875,2014-11-05
2014,11,6,19.830434583333332,2014-11-06
2014,11,7,17.06738375,2014-11-07
2014,11,8,13.260323333333334,2014-11-08
2014,11,9,15.7065875,2014-11-09
2014,11,10,15.96962,2014-11-10
2014,11,11,17.5203925,2014-11-11
2014,11,12,16.778830833333334,2014-11-12
2014,11,13,17.2007075,2014-11-13
2014,11,14,14.4730825,2014-11-14
2014,11,15,11.023239166666666,2014-11-15
2014,11,16,16.45688,2014-11-16
2014,11,17,19.730953333333332,2014-11-17
2014,11,18,9.6366475,2014-11-18
2014,11,19,4.993530416666666,2014-11-19
2014,11,20,6.227699583333333,2014-11-20
2014,11,21,11.276619583333334,2014-11-21
2014,11,22,15.536324166666667,2014-11-22
2014,11,23,21.96865375,2014-11-23
2014,11,24,24.349402916666666,2014-11-24
2014,11,25,19.844180416666667,2014-11-25
2014,11,26,13.522781666666667,2014-11-26
2014,11,27,10.1640025,2014-11-27
2014,11,28,7.62111375,2014-11-28
2014,11,29,9.67183625,2014-11-29
2014,11,30,14.405573221757322,2014-11-30
2014,12,1,17.100239748953975,2014-12-01
2014,12,2,17.674559473684212,2014-12-02
2014,12,9,12.721463157894737,2014-12-09
2014,12,10,8.793398395721924,2014-12-10
2014,12,11,7.149462916666667,2014-12-11
2014,12,12,9.403887916666667,2014-12-12
2014,12,13,8.872155,2014-12-13
2014,12,14,10.192959583333334,2014-12-14
2014,12,15,10.342881666666667,2014-12-15
2014,12,16,12.048075,2014-12-16
2014,12,17,14.189259999999999,2014-12-17
2014,12,18,10.609078333333333,2014-12-18
2014,12,19,12.773444166666666,2014-12-19
2014,12,20,14.664512916666666,2014-12-20
2014,12,21,15.73128,2014-12-21
2014,12,22,18.82136708333333,2014-12-22
2014,12,23,20.554675416666665,2014-12-23
2014,12,24,21.692682916666666,2014-12-24
2014,12,25,14.534093333333333,2014-12-25
2014,12,26,11.284236666666667,2014-12-26
2014,12,27,16.747534166666668,2014-12-27
2014,12,28,19.0549775,2014-12-28
2014,12,29,19.463022916666667,2014-12-29
2014,12,30,19.53998375,2014-12-30
2014,12,31,12.730821666666667,2014-12-31
2015,1,1,12.7854075,2015-01-01
2015,1,2,15.849365416666666,2015-01-02
2015,1,3,19.628985833333335,2015-01-03
2015,1,4,22.24140375,2015-01-04
2015,1,5,15.1327575,2015-01-05
2015,1,6,11.902466666666667,2015-01-06
2015,1,7,10.816129166666666,2015-01-07
2015,1,8,4.3504,2015-01-08
2015,1,9,5.814085,2015-01-09
2015,1,10,8.380662083333334,2015-01-10
2015,1,11,12.626274166666667,2015-01-11
2015,1,12,17.262825229357798,2015-01-12
2015,1,13,17.016873958333335,2015-01-13
2015,1,14,12.842377040816327,2015-01-14
2015,1,15,8.917342982456141,2015-01-15
2015,1,16,7.825379354838709,2015-01-16
2015,1,29,17.966575,2015-01-29
2015,1,30,12.43059593495935,2015-01-30
2015,1,31,10.12495,2015-01-31
2015,2,1,12.679564583333333,2015-02-01
2015,2,2,17.428064583333335,2015-02-02
2015,2,3,8.227415625,2015-02-03
2015,2,4,10.939811458333333,2015-02-04
2015,2,5,13.544338541666667,2015-02-05
2015,2,6,9.878691666666667,2015-02-06
2015,2,7,10.922505208333334,2015-02-07
2015,2,8,13.357664583333333,2015-02-08
2015,2,9,13.348915625,2015-02-09
2015,2,10,12.900591666666667,2015-02-10
2015,2,11,11.091521875,2015-02-11
2015,2,12,11.08772261904762,2015-02-12
2015,2,13,8.695565625,2015-02-13
2015,2,14,6.763473958333333,2015-02-14
2015,2,15,12.976122916666666,2015-02-15
2015,2,16,13.248561458333333,2015-02-16
2015,2,17,17.29909375,2015-02-17
2015,2,18,9.013661458333333,2015-02-18
2015,2,19,5.076404166666666,2015-02-19
2015,2,20,2.7409104166666665,2015-02-20
2015,2,21,8.717033333333333,2015-02-21
2015,2,22,18.008146875,2015-02-22
2015,2,23,18.998394791666666,2015-02-23
2015,2,24,16.141613541666665,2015-02-24
2015,2,25,13.325207291666667,2015-02-25
2015,2,26,16.1513625,2015-02-26
2015,2,27,10.597909375,2015-02-27
2015,2,28,12.353405208333333,2015-02-28
2015,3,1,14.894591666666667,2015-03-01
2015,3,2,18.792086458333333,2015-03-02
2015,3,3,20.925190625,2015-03-03
2015,3,4,22.870457291666668,2015-03-04
2015,3,5,21.81619583333333,2015-03-05
2015,3,6,14.574525,2015-03-06
2015,3,7,11.110691666666666,2015-03-07
2015,3,8,14.105634375,2015-03-08
2015,3,9,17.326089583333335,2015-03-09
2015,3,10,21.29056458333333,2015-03-10
2015,3,11,23.750720833333332,2015-03-11
2015,3,12,24.0174875,2015-03-12
2015,3,13,23.56319090909091,2015-03-13
2015,3,14,23.484873611111112,2015-03-14
2015,3,15,22.77856875,2015-03-15
2015,3,16,21.169724305555555,2015-03-16
2015,3,17,21.14740579710145,2015-03-17
2015,3,18,21.27031875,2015-03-18
2015,3,19,20.631372916666667,2015-03-19
2015,3,20,21.537683333333334,2015-03-20
2015,3,21,22.092777083333335,2015-03-21
2015,3,22,22.858621875,2015-03-22
2015,3,23,20.17120990990991,2015-03-23
2015,3,24,16.91065,2015-03-24
2015,3,25,19.083755208333333,2015-03-25
2015,3,26,20.269625874125875,2015-03-26
2015,3,27,19.742990972222223,2015-03-27
2015,3,28,13.363458333333334,2015-03-28
2015,3,29,12.084007638888888,2015-03-29
2015,3,30,14.104923611111111,2015-03-30
2015,3,31,16.4766375,2015-03-31
2015,4,1,22.263147222222223,2015-04-01
2015,4,2,21.681017283950617,2015-04-02
2015,4,3,22.738835416666667,2015-04-03
2015,4,4,21.145902604166668,2015-04-04
2015,4,5,20.484920833333334,2015-04-05
2015,4,6,20.907419791666666,2015-04-06
2015,4,7,22.712557291666666,2015-04-07
2015,4,8,23.833997916666668,2015-04-08
2015,4,9,23.79055,2015-04-09
2015,4,10,24.421983854166665,2015-04-10
2015,4,11,23.643952604166667,2015-04-11
2015,4,12,22.806501041666667,2015-04-12
2015,4,13,21.8767984375,2015-04-13
2015,4,14,23.364501041666667,2015-04-14
2015,4,15,23.400218229166665,2015-04-15
2015,4,16,21.34502552083333,2015-04-16
2015,4,17,20.271771354166667,2015-04-17
2015,4,18,24.091594791666665,2015-04-18
2015,4,19,24.332347395833335,2015-04-19
2015,4,20,20.8429265625,2015-04-20
2015,4,21,21.23398125,2015-04-21
2015,4,22,22.137239805825242,2015-04-22
2015,4,23,22.867966666666668,2015-04-23
2015,4,24,22.40503761904762,2015-04-24
2015,4,26,27.07026261682243,2015-04-26
2015,4,27,24.300609663865547,2015-04-27
2015,4,28,20.485169166666665,2015-04-28
2015,4,29,22.21965375,2015-04-29
2015,4,30,19.54586612244898,2015-04-30
2015,5,1,20.014968333333332,2015-05-01
2015,5,2,18.252805,2015-05-02
2015,5,3,19.328432916666667,2015-05-03
2015,5,4,19.884654166666667,2015-05-04
2015,5,5,20.761325416666665,2015-05-05
2015,5,6,21.36816,2015-05-06
2015,5,7,21.878328333333332,2015-05-07
2015,5,8,22.7609675,2015-05-08
2015,5,9,24.785713333333334,2015-05-09
2015,5,10,25.557268333333333,2015-05-10
2015,5,11,25.235912083333332,2015-05-11
2015,5,12,25.183370833333335,2015-05-12
2015,5,13,24.369784166666665,2015-05-13
2015,5,14,23.68775875,2015-05-14
2015,5,15,24.191495,2015-05-15
2015,5,16,23.19653125,2015-05-16
2015,5,17,24.009584583333332,2015-05-17
2015,5,18,24.980548333333335,2015-05-18
2015,5,19,25.43598125,2015-05-19
2015,5,20,23.537625416666668,2015-05-20
2015,5,21,25.805061666666667,2015-05-21
2015,5,22,25.9721975,2015-05-22
2015,5,23,24.1445275,2015-05-23
2015,5,24,24.812156666666667,2015-05-24
2015,5,25,25.897526666666668,2015-05-25
2015,5,26,26.137314166666666,2015-05-26
2015,5,27,26.085555833333334,2015-05-27
2015,5,28,23.988825,2015-05-28
2015,5,29,23.876989166666668,2015-05-29
2015,5,30,24.4704,2015-05-30
2015,5,31,25.29549224489796,2015-05-31
2015,6,1,24.041289805825244,2015-06-01
2015,6,2,23.214905833333333,2015-06-02
2015,6,3,23.984679166666666,2015-06-03
2015,6,4,25.4498,2015-06-04
2015,6,5,25.128671666666666,2015-06-05
2015,6,6,24.4016875,2015-06-06
2015,6,7,25.24322375,2015-06-07
2015,6,8,25.284195416666666,2015-06-08
2015,6,9,26.376399583333335,2015-06-09
2015,6,10,24.23039916666667,2015-06-10
2015,6,11,25.179025833333334,2015-06-11
2015,6,12,25.899055833333332,2015-06-12
2015,6,13,26.69338958333333,2015-06-13
2015,6,14,27.955454583333335,2015-06-14
2015,6,15,27.738925833333333,2015-06-15
2015,6,16,29.043924583333332,2015-06-16
2015,6,17,29.53105625,2015-06-17
2015,6,18,28.2484525,2015-06-18
2015,6,19,27.36653875,2015-06-19
2015,6,20,28.982428333333335,2015-06-20
2015,6,21,29.26275125,2015-06-21
2015,6,22,28.55387875,2015-06-22
2015,6,23,25.26772375,2015-06-23
2015,6,24,25.951022916666666,2015-06-24
2015,6,25,25.34493125,2015-06-25
2015,6,26,25.10908166666667,2015-06-26
2015,6,27,26.891201249999998,2015-06-27
2015,6,28,26.120385416666668,2015-06-28
2015,6,29,24.96950375,2015-06-29
2015,6,30,25.903077959183673,2015-06-30
2015,7,1,25.52397875,2015-07-01
2015,7,2,25.205635,2015-07-02
2015,7,3,26.312450833333333,2015-07-03
2015,7,4,25.98408625,2015-07-04
2015,7,5,25.218538333333335,2015-07-05
2015,7,6,24.515534166666665,2015-07-06
2015,7,7,24.881069166666666,2015-07-07
2015,7,8,25.688140416666666,2015-07-08
2015,7,9,27.354619166666666,2015-07-09
2015,7,10,27.911868333333334,2015-07-10
2015,7,11,26.247062083333333,2015-07-11
2015,7,12,25.871885416666668,2015-07-12
2015,7,13,25.955704166666667,2015-07-13
2015,7,14,28.17363375,2015-07-14
2015,7,15,26.595518333333334,2015-07-15
2015,7,16,26.657947916666668,2015-07-16
2015,7,17,26.228106666666665,2015-07-17
2015,7,18,26.126529583333333,2015-07-18
2015,7,19,27.5339275,2015-07-19
2015,7,20,25.800558333333335,2015-07-20
2015,7,21,25.779567326732675,2015-07-21
2015,7,22,27.308739516129034,2015-07-22
2015,7,23,27.222596875,2015-07-23
2015,7,24,26.30820625,2015-07-24
2015,7,25,25.691072916666666,2015-07-25
2015,7,26,26.203635416666668,2015-07-26
2015,7,27,26.268092708333334,2015-07-27
2015,7,28,26.229875409836065,2015-07-28
2015,7,29,28.717788732394364,2015-07-29
2015,7,30,26.039995,2015-07-30
2015,7,31,26.956210859728508,2015-07-31
2015,8,1,24.482097321428572,2015-08-01
2015,8,2,24.978700446428572,2015-08-02
2015,8,3,24.688099568965516,2015-08-03
2015,8,4,25.252159375,2015-08-04
2015,8,5,26.828936637931033,2015-08-05
2015,8,6,27.13155982142857,2015-08-06
2015,8,7,25.459531944444443,2015-08-07
2015,8,8,26.609985576923076,2015-08-08
2015,8,9,27.00836919642857,2015-08-09
2015,8,10,26.718247685185187,2015-08-10
2015,8,11,26.321766379310343,2015-08-11
2015,8,12,27.281673660714286,2015-08-12
2015,8,13,25.5640925,2015-08-13
2015,8,14,25.511064285714287,2015-08-14
2015,8,15,25.044598660714286,2015-08-15
2015,8,16,24.3040575,2015-08-16
2015,8,17,23.80203381642512,2015-08-17
2015,8,18,25.553875892857143,2015-08-18
2015,8,19,25.156982142857142,2015-08-19
2015,8,20,25.481916517857144,2015-08-20
2015,8,21,26.89384625,2015-08-21
2015,8,22,27.826379166666666,2015-08-22
2015,8,23,27.409570416666668,2015-08-23
2015,8,24,24.526682916666665,2015-08-24
2015,8,25,27.781267916666668,2015-08-25
2015,8,26,27.96606,2015-08-26
2015,8,27,24.40587,2015-08-27
2015,8,28,24.83966708333333,2015-08-28
2015,8,29,23.901657916666668,2015-08-29
2015,8,30,23.66657208333333,2015-08-30
2015,8,31,24.65629714285714,2015-08-31
2015,9,1,25.591355833333335,2015-09-01
2015,9,2,24.493775714285714,2015-09-02
2015,9,3,29.533361666666668,2015-09-03
2015,9,4,25.084260550458715,2015-09-04
2015,9,5,23.5831640625,2015-09-05
2015,9,6,23.829674479166666,2015-09-06
2015,9,7,23.752313020833334,2015-09-07
2015,9,8,24.42631440677966,2015-09-08
2015,9,9,26.269493333333333,2015-09-09
2015,9,10,26.458359166666668,2015-09-10
2015,9,11,27.00521125,2015-09-11
2015,9,12,23.940820416666668,2015-09-12
2015,9,13,23.11669512195122,2015-09-13
2015,9,14,22.761863636363636,2015-09-14
2015,9,15,23.66120125,2015-09-15
2015,9,16,22.40119108910891,2015-09-16
2015,9,17,22.620909895833332,2015-09-17
2015,9,18,22.823606770833333,2015-09-18
2015,9,19,24.280366666666666,2015-09-19
2015,9,20,25.330289583333332,2015-09-20
2015,9,21,24.956036492890995,2015-09-21
2015,9,22,24.862026666666665,2015-09-22
2015,9,23,23.803648514851485,2015-09-23
2015,9,24,24.196432291666667,2015-09-24
2015,9,25,23.431651041666665,2015-09-25
2015,9,26,24.403947916666667,2015-09-26
2015,9,27,24.416988541666665,2015-09-27
2015,9,28,24.87630625,2015-09-28
2015,9,29,24.11119864864865,2015-09-29
2015,9,30,25.96215780346821,2015-09-30
2015,10,1,25.50522857142857,2015-10-01
2015,10,2,22.825853631284915,2015-10-02
2015,10,3,19.97959655172414,2015-10-03
2015,10,4,19.711484105960263,2015-10-04
2015,10,5,20.601497297297296,2015-10-05
2015,10,6,20.684335609756097,2015-10-06
2015,10,7,21.52808158995816,2015-10-07
2015,10,8,21.737048085106384,2015-10-08
2015,10,9,23.818710084033615,2015-10-09
2015,10,10,23.003102575107295,2015-10-10
2015,10,11,21.505012554112554,2015-10-11
2015,10,12,20.19010888888889,2015-10-12
2015,10,13,20.906469491525424,2015-10-13
2015,10,14,22.4529406779661,2015-10-14
2015,10,15,20.436086974789916,2015-10-15
2015,10,16,20.16291983122363,2015-10-16
2015,10,17,20.65849071729958,2015-10-17
2015,10,18,18.114520253164557,2015-10-18
2015,10,19,16.701099159663865,2015-10-19
2015,10,20,19.250582916666666,2015-10-20
2015,10,21,20.1846885106383,2015-10-21
2015,10,22,21.96232142857143,2015-10-22
2015,10,23,22.01394066985646,2015-10-23
2015,10,24,21.739295767195767,2015-10-24
2015,10,25,22.031260714285715,2015-10-25
2015,10,26,21.60011476793249,2015-10-26
2015,10,27,21.381947272727274,2015-10-27
2015,10,28,23.40582192513369,2015-10-28
2015,10,29,22.108681052631578,2015-10-29
2015,10,30,20.264849444444444,2015-10-30
2015,10,31,21.1987979020979,2015-10-31
2015,11,1,23.94756093023256,2015-11-01
2015,11,2,24.593488936170214,2015-11-02
2015,11,3,25.119289915966387,2015-11-03
2015,11,4,25.258684453781513,2015-11-04
2015,11,5,24.748284615384616,2015-11-05
2015,11,6,24.03430759493671,2015-11-06
2015,11,7,23.836156962025317,2015-11-07
2015,11,8,23.438350210970466,2015-11-08
2015,11,9,23.258483544303797,2015-11-09
2015,11,10,22.913994514767932,2015-11-10
2015,11,11,19.668214042553192,2015-11-11
2015,11,12,20.285344635193134,2015-11-12
2015,11,13,19.544200423728814,2015-11-13
2015,11,14,15.418212288135594,2015-11-14
2015,11,15,16.35460157068063,2015-11-15
2015,11,16,18.496544444444446,2015-11-16
2015,11,17,20.20289945945946,2015-11-17
2015,11,18,22.559536842105263,2015-11-18
2015,11,19,22.802399038461537,2015-11-19
2015,11,20,21.014092610837437,2015-11-20
2015,11,21,20.223996774193548,2015-11-21
2015,11,22,19.117222023809525,2015-11-22
2015,11,23,10.22602695035461,2015-11-23
2015,11,24,12.415316216216215,2015-11-24
2015,11,25,16.17554852320675,2015-11-25
2015,11,26,18.34749493670886,2015-11-26
2015,11,27,18.57886835443038,2015-11-27
2015,11,28,19.04730211864407,2015-11-28
2015,11,29,18.71082575107296,2015-11-29
2015,11,30,18.86057029288703,2015-11-30
2015,12,1,19.984062127659573,2015-12-01
2015,12,2,20.96992911392405,2015-12-02
2015,12,3,17.68312118644068,2015-12-03
2015,12,4,13.963365254237289,2015-12-04
2015,12,5,15.820855274261604,2015-12-05
2015,12,6,17.98839243697479,2015-12-06
2015,12,7,16.766086016949153,2015-12-07
2015,12,8,12.998437288135593,2015-12-08
2015,12,9,15.673874468085106,2015-12-09
2015,12,10,15.833099574468084,2015-12-10
2015,12,11,15.656290517241379,2015-12-11
2015,12,12,17.034444303797468,2015-12-12
2015,12,13,19.559572573839663,2015-12-13
2015,12,14,21.730192093023255,2015-12-14
2015,12,15,21.00046544502618,2015-12-15
2015,12,16,22.439133333333334,2015-12-16
2015,12,17,22.319315384615386,2015-12-17
2015,12,18,19.009662343096235,2015-12-18
2015,12,19,9.038976890756302,2015-12-19
2015,12,20,10.658790717299578,2015-12-20
2015,12,21,16.803195299145298,2015-12-21
2015,12,22,22.233721610169493,2015-12-22
2015,12,23,21.627240084388184,2015-12-23
2015,12,24,23.23150593220339,2015-12-24
2015,12,25,23.56221581196581,2015-12-25
2015,12,26,22.44533839662447,2015-12-26
2015,12,27,23.67954111675127,2015-12-27
2015,12,28,22.954895454545454,2015-12-28
2015,12,29,23.00155625,2015-12-29
2015,12,30,23.106314136125654,2015-12-30
2015,12,31,23.17103144329897,2015-12-31
2016,1,1,21.658496825396824,2016-01-01
2016,1,2,13.225737894736842,2016-01-02
2016,1,3,10.558445833333334,2016-01-03
2016,1,4,10.61633717277487,2016-01-04
2016,1,5,8.69276947368421,2016-01-05
2016,1,6,9.822146774193548,2016-01-06
2016,1,7,11.810018518518518,2016-01-07
2016,1,8,15.561681578947368,2016-01-08
2016,1,9,15.966251322751322,2016-01-09
2016,1,10,16.93468510638298,2016-01-10
2016,1,11,7.910591005291005,2016-01-11
2016,1,12,6.618793193717278,2016-01-12
2016,1,13,8.009964921465969,2016-01-13
2016,1,14,9.133719323671498,2016-01-14
2016,1,15,15.457510169491526,2016-01-15
2016,1,16,14.941793220338983,2016-01-16
2016,1,17,14.173497435897437,2016-01-17
2016,1,18,8.29818626609442,2016-01-18
2016,1,19,6.1153606837606835,2016-01-19
2016,1,20,6.0111,2016-01-20
2016,1,21,10.77471752136752,2016-01-21
2016,1,22,14.519307659574467,2016-01-22
2016,1,23,6.293158474576271,2016-01-23
2016,1,24,3.8004021097046414,2016-01-24
2016,1,25,7.541505485232068,2016-01-25
2016,1,26,13.536231063829787,2016-01-26
2016,1,27,16.579270168067225,2016-01-27
2016,1,28,14.315554506437769,2016-01-28
2016,1,29,12.736394117647059,2016-01-29
2016,1,30,11.60121186440678,2016-01-30
2016,1,31,12.692534439834025,2016-01-31
2016,2,1,16.591695762711865,2016-02-01
2016,2,2,19.62421974789916,2016-02-02
2016,2,3,22.73903361344538,2016-02-03
2016,2,4,19.827135714285713,2016-02-04
2016,2,5,9.122663333333334,2016-02-05
2016,2,6,9.167877966101695,2016-02-06
2016,2,7,7.98583744680851,2016-02-07
2016,2,8,8.532475527426161,2016-02-08
2016,2,9,10.561019067796611,2016-02-09
2016,2,10,6.5520830508474575,2016-02-10
2016,2,11,8.023498283261803,2016-02-11
2016,2,12,13.811679166666666,2016-02-12
2016,2,13,14.218628671328672,2016-02-13
2016,2,14,8.791941549295775,2016-02-14
2016,2,15,12.486025531914894,2016-02-15
2016,2,16,17.638597183098593,2016-02-16
2016,2,17,14.165590780141844,2016-02-17
2016,2,18,12.52749718309859,2016-02-18
2016,2,19,12.59916170212766,2016-02-19
2016,2,20,15.207767375886524,2016-02-20
2016,2,21,17.34822167832168,2016-02-21
2016,2,22,17.99222837837838,2016-02-22
2016,2,23,19.72735789473684,2016-02-23
2016,2,24,20.76663945945946,2016-02-24
2016,2,25,13.16290979020979,2016-02-25
2016,2,26,9.96128085106383,2016-02-26
2016,2,27,6.9871116438356164,2016-02-27
2016,2,28,11.32565375,2016-02-28
2016,2,29,13.240311458333334,2016-02-29
2016,3,1,16.314303658536584,2016-03-01
2016,3,2,18.746154081632653,2016-03-02
2016,3,3,14.67689793814433,2016-03-03
2016,3,4,14.436867368421053,2016-03-04
2016,3,5,11.908750515463918,2016-03-05
2016,3,6,10.817623076923077,2016-03-06
2016,3,7,14.5945875,2016-03-07
2016,3,8,18.122975308641976,2016-03-08
2016,3,9,17.589344,2016-03-09
2016,3,10,21.90019256756757,2016-03-10
2016,3,11,22.073799043062202,2016-03-11
2016,3,12,21.16829885057471,2016-03-12
2016,3,13,21.689224657534247,2016-03-13
2016,3,14,21.694518493150685,2016-03-14
2016,3,15,22.9475006993007,2016-03-15
2016,3,16,23.79694195804196,2016-03-16
2016,3,17,21.599675524475526,2016-03-17
2016,3,18,19.972304166666667,2016-03-18
2016,3,19,20.569185714285716,2016-03-19
2016,3,20,21.10221931034483,2016-03-20
2016,3,21,13.533392814371258,2016-03-21
2016,3,22,12.9301708994709,2016-03-22
2016,3,23,17.023286842105264,2016-03-23
2016,3,24,19.96929,2016-03-24
2016,3,25,19.148061578947367,2016-03-25
2016,3,26,21.626286910994764,2016-03-26
2016,3,27,23.454549479166666,2016-03-27
2016,3,28,23.12852918918919,2016-03-28
2016,3,29,20.93795691489362,2016-03-29
2016,3,30,20.60011135135135,2016-03-30
2016,3,31,22.836799481865285,2016-03-31
2016,4,1,23.581082291666668,2016-04-01
2016,4,2,23.394314814814816,2016-04-02
2016,4,3,18.19582879581152,2016-04-03
2016,4,4,17.99148157894737,2016-04-04
2016,4,5,19.50659052631579,2016-04-05
2016,4,6,17.960914736842106,2016-04-06
2016,4,7,21.017723684210527,2016-04-07
2016,4,8,21.044309523809524,2016-04-08
2016,4,9,18.107487894736842,2016-04-09
2016,4,10,17.240443386243385,2016-04-10
2016,4,11,18.341217964071856,2016-04-11
2016,4,12,20.95215,2016-04-12
2016,4,13,20.360510416666667,2016-04-13
2016,4,14,19.394157291666666,2016-04-14
2016,4,15,19.121669230769232,2016-04-15
2016,4,16,20.4786,2016-04-16
2016,4,17,18.6840311827957,2016-04-17
2016,4,18,17.646911458333335,2016-04-18
2016,4,19,19.3974,2016-04-19
2016,4,20,19.974877777777778,2016-04-20
2016,4,21,20.72943298969072,2016-04-21
2016,4,22,21.891793103448276,2016-04-22
2016,4,23,20.214584444444444,2016-04-23
2016,4,24,22.20745842696629,2016-04-24
2016,4,25,21.68049583333333,2016-04-25
2016,4,26,22.064890322580645,2016-04-26
2016,4,27,23.099926136363635,2016-04-27
2016,4,28,24.503886813186813,2016-04-28
2016,4,29,26.187182608695654,2016-04-29
2016,4,30,26.041844086021506,2016-04-30
2016,5,1,25.634288020833335,2016-05-01
2016,5,2,25.934346113989637,2016-05-02
2016,5,3,25.759591666666665,2016-05-03
2016,5,4,22.02413125,2016-05-04
2016,5,5,19.65051658031088,2016-05-05
2016,5,6,17.259101546391754,2016-05-06
2016,5,7,18.5752125,2016-05-07
2016,5,8,21.934913541666667,2016-05-08
2016,5,9,22.752366321243525,2016-05-09
2016,5,10,23.27010859375,2016-05-10
2016,5,11,24.67313645833333,2016-05-11
2016,5,12,24.769812418300653,2016-05-12
2016,5,13,23.95685284090909,2016-05-13
2016,5,14,23.113080666666665,2016-05-14
2016,5,16,27.104204,2016-05-16
2016,5,17,25.417656069364163,2016-05-17
2016,5,25,28.241574747474747,2016-05-25
2016,5,26,23.674949746192894,2016-05-26
2016,5,27,23.63275595854922,2016-05-27
2016,5,28,24.652880412371132,2016-05-28
2016,5,29,25.37190932642487,2016-05-29
2016,5,30,26.03213711340206,2016-05-30
2016,5,31,26.133794594594594,2016-05-31
2016,6,1,25.726586387434555,2016-06-01
2016,6,2,26.726633333333332,2016-06-02
2016,6,3,27.91190824742268,2016-06-03
2016,6,4,26.811172395833335,2016-06-04
2016,6,5,26.902000515463918,2016-06-05
2016,6,6,23.948748453608246,2016-06-06
2016,6,7,25.833593229166667,2016-06-07
2016,6,8,27.873207216494844,2016-06-08
2016,6,9,27.361519791666666,2016-06-09
2016,6,10,27.062326943005182,2016-06-10
2016,6,11,26.7511578125,2016-06-11
2016,6,12,27.276317708333334,2016-06-12
2016,6,13,27.047834375,2016-06-13
2016,6,14,28.717917616580312,2016-06-14
2016,6,15,28.99287823834197,2016-06-15
2016,6,16,26.166413541666667,2016-06-16
2016,6,17,26.644121875,2016-06-17
2016,6,18,24.68436210526316,2016-06-18
2016,6,19,24.517377720207254,2016-06-19
2016,6,20,23.85152113402062,2016-06-20
2016,6,21,24.019108125,2016-06-21
2016,6,22,27.001571875,2016-06-22
2016,6,23,28.4795049689441,2016-06-23
2016,6,24,29.157276288659794,2016-06-24
2016,6,25,29.262864948453608,2016-06-25
2016,6,26,26.853975925925926,2016-06-26
2016,6,27,27.010514948453608,2016-06-27
2016,6,28,27.037302083333334,2016-06-28
2016,6,29,28.05365906735751,2016-06-29
2016,6,30,26.606439285714284,2016-06-30
2016,7,1,25.57621288659794,2016-07-01
2016,7,2,26.437327461139898,2016-07-02
2016,7,3,27.57457076923077,2016-07-03
2016,7,4,28.643511917098447,2016-07-04
2016,7,5,28.736390155440414,2016-07-05
2016,7,6,29.2330765625,2016-07-06
2016,7,7,27.851082208588956,2016-07-07
2016,7,8,30.52180792682927,2016-07-08
2016,7,9,29.60228125,2016-07-09
2016,7,10,29.396150520833334,2016-07-10
2016,7,11,27.98875336787565,2016-07-11
2016,7,12,27.938095336787566,2016-07-12
2016,7,13,26.510522916666666,2016-07-13
2016,7,14,27.332323316062176,2016-07-14
2016,7,15,26.07244175257732,2016-07-15
2016,7,16,25.117065322580647,2016-07-16
2016,7,17,26.522637113402062,2016-07-17
2016,7,18,26.658854639175257,2016-07-18
2016,7,19,27.795245454545455,2016-07-19
2016,7,20,27.815115625,2016-07-20
2016,7,21,28.195496875,2016-07-21
2016,7,22,26.793865,2016-07-22
2016,7,23,26.663732558139536,2016-07-23
2016,7,24,27.569228915662652,2016-07-24
2016,7,25,25.60324736842105,2016-07-25
2016,7,26,28.621748044692737,2016-07-26
2016,7,27,29.372065605095543,2016-07-27
2016,7,28,29.428709150326796,2016-07-28
2016,7,29,28.953186274509804,2016-07-29
2016,7,30,27.200090963855423,2016-07-30
2016,7,31,27.171317045454547,2016-07-31
2016,8,1,26.4040496124031,2016-08-01
2016,8,2,25.6353,2016-08-02
2016,8,3,27.046823225806452,2016-08-03
2016,8,4,26.008306857142856,2016-08-04
2016,8,5,26.142969398907105,2016-08-05
2016,8,6,25.239082485875706,2016-08-06
2016,8,7,25.245635416666666,2016-08-07
2016,8,8,25.694081506849315,2016-08-08
2016,8,9,26.069647945205478,2016-08-09
2016,8,10,26.608976642335765,2016-08-10
2016,8,11,27.007542857142855,2016-08-11
2016,8,12,29.14638181818182,2016-08-12
2016,8,13,26.27461153846154,2016-08-13
2016,8,14,26.23267899159664,2016-08-14
2016,8,15,26.734424528301886,2016-08-15
2016,8,16,27.38679836065574,2016-08-16
2016,8,17,27.634724,2016-08-17
2016,8,18,29.398545901639345,2016-08-18
2016,8,19,27.87815714285714,2016-08-19
2016,8,20,28.220758333333333,2016-08-20
2016,8,21,27.348925316455695,2016-08-21
2016,8,22,28.250247692307692,2016-08-22
2016,8,23,28.737374418604652,2016-08-23
2016,8,24,28.892866379310345,2016-08-24
2016,8,25,27.344729166666667,2016-08-25
2016,8,26,26.798841666666668,2016-08-26
2016,8,27,26.716118620689656,2016-08-27
2016,8,28,27.647043448275863,2016-08-28
2016,8,29,27.05009387755102,2016-08-29
2016,8,30,24.801438356164383,2016-08-30
2016,8,31,25.316880536912752,2016-08-31
2016,9,1,24.38917391304348,2016-09-01
2016,9,2,26.6196825,2016-09-02
2016,9,3,25.190968085106384,2016-09-03
2016,9,4,24.230833980582524,2016-09-04
2016,9,5,26.013535849056602,2016-09-05
2016,9,6,24.101604137931034,2016-09-06
2016,9,7,25.227538686131386,2016-09-07
2016,9,8,25.224677777777778,2016-09-08
2016,9,9,25.139710273972604,2016-09-09
2016,9,10,26.89810551724138,2016-09-10
2016,9,11,27.35676857142857,2016-09-11
2016,9,12,26.301212837837838,2016-09-12
2016,9,13,24.76241768707483,2016-09-13
2016,9,14,24.508827972027973,2016-09-14
2016,9,15,26.74234919354839,2016-09-15
2016,9,16,26.520101360544217,2016-09-16
2016,9,17,26.67138,2016-09-17
2016,9,18,27.254463358778626,2016-09-18
2016,9,19,27.28077062937063,2016-09-19
2016,9,20,25.206139285714286,2016-09-20
2016,9,21,26.4123937007874,2016-09-21
2016,9,22,26.37653357142857,2016-09-22
2016,9,23,26.567223703703704,2016-09-23
2016,9,24,26.770569465648855,2016-09-24
2016,9,25,26.74307874015748,2016-09-25
2016,9,26,26.003552857142857,2016-09-26
2016,9,27,26.208564539007092,2016-09-27
2016,9,28,25.0645,2016-09-28
2016,9,29,24.745049056603772,2016-09-29
2016,9,30,26.39192601626016,2016-09-30
2016,10,1,26.119441666666667,2016-10-01
2016,10,2,25.195590510948904,2016-10-02
2016,10,3,23.74840170940171,2016-10-03
2016,10,4,24.64880827586207,2016-10-04
2016,10,5,23.255374100719425,2016-10-05
2016,10,6,22.191396907216493,2016-10-06
2016,10,7,23.169517441860464,2016-10-07
2016,10,9,26.938488888888887,2016-10-09
2016,10,10,19.890731683168315,2016-10-10
2016,10,11,20.182142708333334,2016-10-11
2016,10,12,21.720881443298968,2016-10-12
2016,10,13,22.90353469387755,2016-10-13
2016,10,14,21.951625609756096,2016-10-14
2016,10,15,22.448873958333333,2016-10-15
2016,10,16,23.30961717171717,2016-10-16
2016,10,17,23.577771428571427,2016-10-17
2016,10,18,22.849060606060608,2016-10-18
2016,10,19,21.220775609756096,2016-10-19
2016,10,20,22.64358787878788,2016-10-20
2016,10,21,23.064998969072164,2016-10-21
2016,10,22,17.364734020618556,2016-10-22
2016,10,23,15.20489375,2016-10-23
2016,10,24,16.80703431372549,2016-10-24
2016,10,25,17.794,2016-10-25
2016,10,26,22.291245454545454,2016-10-26
2016,10,27,21.091576530612244,2016-10-27
2016,10,28,21.420561224489795,2016-10-28
2016,10,29,21.376334020618557,2016-10-29
2016,10,30,22.57592755102041,2016-10-30
2016,10,31,21.182006,2016-10-31
2016,11,1,21.00762121212121,2016-11-01
2016,11,2,22.81972474226804,2016-11-02
2016,11,3,20.838102061855672,2016-11-03
2016,11,4,21.624574226804125,2016-11-04
2016,11,5,19.405270103092782,2016-11-05
2016,11,6,18.311635416666668,2016-11-06
2016,11,7,20.151651546391754,2016-11-07
2016,11,8,18.522740404040405,2016-11-08
2016,11,9,18.708973469387754,2016-11-09
2016,11,10,17.02198118811881,2016-11-10
2016,11,11,15.266392929292929,2016-11-11
2016,11,12,16.723351,2016-11-12
2016,11,13,18.248941237113403,2016-11-13
2016,11,14,15.815635714285714,2016-11-14
2016,11,15,14.4437786407767,2016-11-15
2016,11,16,15.562154639175258,2016-11-16
2016,11,17,15.601868041237113,2016-11-17
2016,11,18,15.977274226804123,2016-11-18
2016,11,19,17.147008163265305,2016-11-19
2016,11,20,12.137220202020202,2016-11-20
2016,11,21,9.80249175257732,2016-11-21
2016,11,22,12.083833673469387,2016-11-22
2016,11,23,16.99105257731959,2016-11-23
2016,11,24,19.82389381443299,2016-11-24
2016,11,25,19.77061919191919,2016-11-25
2016,11,26,17.4121375,2016-11-26
2016,11,27,14.701766326530612,2016-11-27
2016,11,28,16.289478350515463,2016-11-28
2016,11,29,21.87386701030928,2016-11-29
2016,11,30,21.943523,2016-11-30
2016,12,1,19.535746666666668,2016-12-01
2016,12,2,13.015722772277227,2016-12-02
2016,12,3,13.216156565656565,2016-12-03
2016,12,4,17.586783838383838,2016-12-04
2016,12,5,22.07869175257732,2016-12-05
2016,12,6,23.342149484536083,2016-12-06
2016,12,7,17.11406224489796,2016-12-07
2016,12,8,14.168197979797979,2016-12-08
2016,12,9,11.491482653061224,2016-12-09
2016,12,10,9.31710404040404,2016-12-10
2016,12,11,13.798985,2016-12-11
2016,12,12,20.136515306122448,2016-12-12
2016,12,13,19.87373913043478,2016-12-13
2016,12,14,20.34407,2016-12-14
2016,12,15,19.00066274509804,2016-12-15
2016,12,16,13.75730754716981,2016-12-16
2016,12,17,19.055423076923077,2016-12-17
2016,12,18,22.63331568627451,2016-12-18
2016,12,19,22.176340384615386,2016-12-19
2016,12,20,12.80401875,2016-12-20
2016,12,21,10.836826,2016-12-21
2016,12,22,7.992364516129032,2016-12-22
2016,12,27,25.087755,2016-12-27
2016,12,28,19.998977083333333,2016-12-28
2016,12,29,19.53767013888889,2016-12-29
2016,12,30,10.712759722222222,2016-12-30
2016,12,31,9.424521088435375,2016-12-31
2017,1,1,17.4701125,2017-01-01
2017,1,2,20.972043055555556,2017-01-02
2017,1,3,21.895489583333333,2017-01-03
2017,1,4,19.56571875,2017-01-04
2017,1,5,15.950297222222222,2017-01-05
2017,1,6,15.757919444444445,2017-01-06
2017,1,7,13.034173611111111,2017-01-07
2017,1,8,2.900692361111111,2017-01-08
2017,1,9,5.533370833333334,2017-01-09
2017,1,10,10.728371527777778,2017-01-10
2017,1,11,14.884858333333334,2017-01-11
2017,1,12,17.12246736111111,2017-01-12
2017,1,13,18.101870833333333,2017-01-13
2017,1,14,18.283075,2017-01-14
2017,1,15,18.326922222222223,2017-01-15
2017,1,16,18.504197916666666,2017-01-16
2017,1,17,18.48203402777778,2017-01-17
2017,1,18,18.87485486111111,2017-01-18
2017,1,19,20.251075,2017-01-19
2017,1,20,20.35944701986755,2017-01-20
2017,1,21,21.262272916666667,2017-01-21
2017,1,22,23.181736979166665,2017-01-22
2017,1,23,16.060622395833335,2017-01-23
2017,1,24,15.252149444444445,2017-01-24
2017,1,25,14.40569057591623,2017-01-25
2017,1,26,19.063139583333335,2017-01-26
2017,1,27,14.230175,2017-01-27
2017,1,28,8.561502083333334,2017-01-28
2017,1,29,9.1711,2017-01-29
2017,1,30,10.5626525,2017-01-30
2017,1,31,11.539542857142857,2017-01-31
2017,2,1,13.1468085,2017-02-01
2017,2,2,14.87996,2017-02-02
2017,2,3,16.552679166666667,2017-02-03
2017,2,4,15.121635833333332,2017-02-04
2017,2,5,13.57712875,2017-02-05
2017,2,6,16.072376666666667,2017-02-06
2017,2,7,17.3974795,2017-02-07
2017,2,8,20.605100625,2017-02-08
2017,2,9,22.35024375,2017-02-09
2017,2,10,12.7674275,2017-02-10
2017,2,11,15.01397,2017-02-11
2017,2,12,17.62255083333333,2017-02-12
2017,2,13,20.193763333333333,2017-02-13
2017,2,14,16.669625416666666,2017-02-14
2017,2,15,20.125494166666666,2017-02-15
2017,2,16,14.69532,2017-02-16
2017,2,17,12.906628333333334,2017-02-17
2017,2,18,14.7987775,2017-02-18
2017,2,19,19.606636666666667,2017-02-19
2017,2,20,18.640785416666667,2017-02-20
2017,2,21,18.58818765957447,2017-02-21
2017,2,22,18.500810833333333,2017-02-22
2017,2,23,19.178137916666667,2017-02-23
2017,2,24,20.39501875,2017-02-24
2017,2,25,20.748185416666665,2017-02-25
2017,2,26,17.142362916666666,2017-02-26
2017,2,27,16.96454,2017-02-27
2017,2,28,22.922211020408163,2017-02-28
2017,3,1,23.345789166666666,2017-03-01
2017,3,2,18.78829208333333,2017-03-02
2017,3,3,14.64460875,2017-03-03
2017,3,4,12.231791304347826,2017-03-04
2017,3,5,15.420274166666667,2017-03-05
2017,3,6,16.77275,2017-03-06
2017,3,7,17.834578333333333,2017-03-07
2017,3,8,21.160564583333333,2017-03-08
2017,3,9,21.177253333333333,2017-03-09
2017,3,10,19.629724583333335,2017-03-10
2017,3,11,18.463824583333334,2017-03-11
2017,3,12,17.044066666666666,2017-03-12
2017,3,13,15.403995,2017-03-13
2017,3,14,12.61554375,2017-03-14
2017,3,15,8.879722916666667,2017-03-15
2017,3,16,7.68171375,2017-03-16
2017,3,17,10.88292125,2017-03-17
2017,3,18,15.064064583333334,2017-03-18
2017,3,19,17.96095,2017-03-19
2017,3,20,14.529942083333333,2017-03-20
2017,3,21,16.353576,2017-03-21
2017,3,22,22.2456375,2017-03-22
2017,3,23,19.422539166666667,2017-03-23
2017,3,24,17.980762916666666,2017-03-24
2017,3,25,19.63623,2017-03-25
2017,3,26,20.949815833333332,2017-03-26
2017,3,27,21.48142625,2017-03-27
2017,3,28,22.285115,2017-03-28
2017,3,29,21.2611905,2017-03-29
2017,3,30,23.461449166666668,2017-03-30
2017,3,31,23.658312653061223,2017-03-31
2017,4,1,22.984509583333335,2017-04-01
2017,4,2,22.678062083333334,2017-04-02
2017,4,3,26.058988333333332,2017-04-03
2017,4,4,21.031399166666667,2017-04-04
2017,4,5,23.8844025,2017-04-05
2017,4,6,23.160044166666665,2017-04-06
2017,4,7,16.507646666666666,2017-04-07
2017,4,8,15.51009,2017-04-08
2017,4,9,16.433929166666665,2017-04-09
2017,4,10,19.1322975,2017-04-10
2017,4,11,19.9142385,2017-04-11
2017,4,12,20.380262916666666,2017-04-12
2017,4,13,20.141663333333334,2017-04-13
2017,4,14,20.470266666666667,2017-04-14
2017,4,15,21.21730875,2017-04-15
2017,4,16,21.29123625,2017-04-16
2017,4,17,21.576270833333332,2017-04-17
2017,4,18,22.398798333333332,2017-04-18
2017,4,19,21.017063243243243,2017-04-19
2017,4,20,22.18027875,2017-04-20
2017,4,21,21.88498125,2017-04-21
2017,4,22,25.0079295,2017-04-22
2017,4,23,24.648875833333335,2017-04-23
2017,4,24,21.970099166666667,2017-04-24
2017,4,25,19.316217916666666,2017-04-25
2017,4,26,20.8279125,2017-04-26
2017,4,27,24.56311125,2017-04-27
2017,4,28,26.705402499999998,2017-04-28
2017,4,29,27.538141666666668,2017-04-29
2017,4,30,26.31957918367347,2017-04-30
2017,5,1,26.790853333333335,2017-05-01
2017,5,2,24.981574,2017-05-02
2017,5,3,23.367669166666666,2017-05-03
2017,5,4,24.140490833333335,2017-05-04
2017,5,5,21.126226666666668,2017-05-05
2017,5,6,18.94831875,2017-05-06
2017,5,7,21.100018,2017-05-07
2017,5,8,23.094804,2017-05-08
2017,5,9,23.428117,2017-05-09
2017,5,10,25.3738375,2017-05-10
2017,5,11,26.598612083333332,2017-05-11
2017,5,12,25.388417083333334,2017-05-12
2017,5,13,22.558586666666667,2017-05-13
2017,5,14,22.06338625,2017-05-14
2017,5,15,23.375686,2017-05-15
2017,5,16,24.938458333333333,2017-05-16
2017,5,17,26.201864,2017-05-17
2017,5,18,26.23687375,2017-05-18
2017,5,19,24.27237125,2017-05-19
2017,5,20,27.5810525,2017-05-20
2017,5,21,26.561536666666665,2017-05-21
2017,5,22,25.221949583333334,2017-05-22
2017,5,23,25.313166666666667,2017-05-23
2017,5,24,22.765199583333334,2017-05-24
2017,5,25,22.821874166666667,2017-05-25
2017,5,26,22.336799166666665,2017-05-26
2017,5,27,24.303640416666667,2017-05-27
2017,5,28,25.753384583333332,2017-05-28
2017,5,29,28.41253125,2017-05-29
2017,5,30,27.285767916666668,2017-05-30
2017,5,31,26.16829224489796,2017-05-31
2017,6,1,26.591674583333333,2017-06-01
2017,6,2,23.44940375,2017-06-02
2017,6,3,23.91268,2017-06-03
2017,6,4,24.7452975,2017-06-04
2017,6,5,24.975272083333333,2017-06-05
2017,6,6,23.049889583333332,2017-06-06
2017,6,7,22.97732125,2017-06-07
2017,6,8,21.465346666666665,2017-06-08
2017,6,9,22.800110833333335,2017-06-09
2017,6,10,24.441444166666667,2017-06-10
2017,6,11,25.602646666666665,2017-06-11
2017,6,12,24.526811666666667,2017-06-12
2017,6,13,24.26486375,2017-06-13
2017,6,14,24.360121666666668,2017-06-14
2017,6,15,24.991730416666666,2017-06-15
2017,6,16,23.750441666666667,2017-06-16
2017,6,17,25.717783333333333,2017-06-17
2017,6,18,25.614036666666667,2017-06-18
2017,6,19,24.36637,2017-06-19
2017,6,20,25.41704375,2017-06-20
2017,6,21,26.967131666666667,2017-06-21
2017,6,22,26.73600625,2017-06-22
2017,6,23,26.9943615,2017-06-23
2017,6,24,28.1793025,2017-06-24
2017,6,25,27.61445125,2017-06-25
2017,6,26,26.728499166666666,2017-06-26
2017,6,27,24.0107575,2017-06-27
2017,6,28,25.02207625,2017-06-28
2017,6,29,26.400672083333333,2017-06-29
2017,6,30,27.24887551020408,2017-06-30
2017,7,1,26.293406666666666,2017-07-01
2017,7,2,27.588533333333334,2017-07-02
2017,7,3,27.83749625,2017-07-03
2017,7,4,28.092337916666665,2017-07-04
2017,7,5,26.3715775,2017-07-05
2017,7,6,26.2655975,2017-07-06
2017,7,7,27.221065,2017-07-07
2017,7,8,26.564876875,2017-07-08
2017,7,9,26.3456625,2017-07-09
2017,7,10,25.148715416666665,2017-07-10
2017,7,11,24.870722916666665,2017-07-11
2017,7,12,26.3561975,2017-07-12
2017,7,13,26.5030575,2017-07-13
2017,7,14,27.607991666666667,2017-07-14
2017,7,15,27.83226875,2017-07-15
2017,7,16,27.22079875,2017-07-16
2017,7,17,25.590565,2017-07-17
2017,7,18,26.193662083333333,2017-07-18
2017,7,19,26.192877,2017-07-19
2017,7,20,26.266459583333333,2017-07-20
2017,7,21,26.352454583333333,2017-07-21
2017,7,22,25.520439583333335,2017-07-22
2017,7,23,25.4361805,2017-07-23
2017,7,24,26.70636125,2017-07-24
2017,7,25,27.0198555,2017-07-25
2017,7,26,28.141195416666665,2017-07-26
2017,7,27,26.65745875,2017-07-27
2017,7,28,26.781934166666666,2017-07-28
2017,7,29,27.193237916666668,2017-07-29
2017,7,30,24.932997083333333,2017-07-30
2017,7,31,25.23009306122449,2017-07-31
2017,8,1,25.687439583333333,2017-08-01
2017,8,2,25.077850833333333,2017-08-02
2017,8,3,24.264066666666668,2017-08-03
2017,8,4,25.7556875,2017-08-04
2017,8,5,26.466455416666665,2017-08-05
2017,8,6,26.429654,2017-08-06
2017,8,7,28.42864375,2017-08-07
2017,8,8,27.504555416666665,2017-08-08
2017,8,9,25.2682875,2017-08-09
2017,8,10,27.01687625,2017-08-10
2017,8,11,27.793530416666666,2017-08-11
2017,8,12,28.11463875,2017-08-12
2017,8,13,26.539807,2017-08-13
2017,8,14,27.289515,2017-08-14
2017,8,15,27.29369,2017-08-15
2017,8,16,27.5822,2017-08-16
2017,8,17,27.4475327014218,2017-08-17
2017,8,18,25.278737916666667,2017-08-18
2017,8,19,26.577312916666667,2017-08-19
2017,8,20,26.415032083333333,2017-08-20
2017,8,21,25.866447083333334,2017-08-21
2017,8,22,27.18974975124378,2017-08-22
2017,8,23,27.556755208333332,2017-08-23
2017,8,24,27.621199408284024,2017-08-24
2017,8,25,27.09625,2017-08-25
2017,8,26,26.494159027777776,2017-08-26
2017,8,27,25.519098347107438,2017-08-27
2017,8,28,25.316151041666668,2017-08-28
2017,8,29,25.304922916666666,2017-08-29
2017,8,30,26.624236458333332,2017-08-30
2017,8,31,28.42601383647799,2017-08-31
2017,9,1,26.595087499999998,2017-09-01
2017,9,2,23.782143333333334,2017-09-02
2017,9,3,25.72960418604651,2017-09-03
2017,9,4,25.99068375,2017-09-04
2017,9,5,26.069749166666668,2017-09-05
2017,9,6,25.2683325,2017-09-06
2017,9,7,24.712214583333335,2017-09-07
2017,9,8,25.340505416666666,2017-09-08
2017,9,9,25.137480416666666,2017-09-09
2017,9,10,22.997685833333332,2017-09-10
2017,9,11,22.980244,2017-09-11
2017,9,19,30.074269333333334,2017-09-19
2017,9,20,25.81890458333333,2017-09-20
2017,9,21,25.877957627118644,2017-09-21
2017,9,22,25.222588,2017-09-22
2017,9,23,24.700041176470588,2017-09-23
2017,9,24,26.169914,2017-09-24
2017,9,25,25.57655882352941,2017-09-25
2017,9,26,26.058426923076922,2017-09-26
2017,9,27,26.530554716981133,2017-09-27
2017,9,28,26.958946296296297,2017-09-28
2017,9,29,26.697598076923075,2017-09-29
2017,9,30,24.999896551724138,2017-09-30
2017,10,1,23.09216,2017-10-01
2017,10,2,24.07178846153846,2017-10-02
2017,10,3,24.645483333333335,2017-10-03
2017,10,4,24.11247804878049,2017-10-04
2017,10,5,25.9013,2017-10-05
2017,10,6,29.93906923076923,2017-10-06
2017,10,7,30.66431818181818,2017-10-07
2017,10,8,29.64195,2017-10-08
2017,10,9,29.843484210526317,2017-10-09
2017,10,10,29.191736,2017-10-10
2017,10,11,28.46135652173913,2017-10-11
2017,10,12,28.680088235294118,2017-10-12
2017,10,13,28.775777777777776,2017-10-13
2017,10,14,28.735666666666667,2017-10-14
2017,10,15,28.55553076923077,2017-10-15
2017,10,16,29.32272222222222,2017-10-16
2017,10,17,26.28655,2017-10-17
2017,10,18,27.4885,2017-10-18
2017,10,20,27.3075,2017-10-20
2017,10,22,28.9019,2017-10-22
2017,10,23,24.7813,2017-10-23
2017,10,24,23.995350000000002,2017-10-24
2017,10,28,25.154733333333333,2017-10-28
2017,10,29,21.2659,2017-10-29
2017,11,2,26.5486,2017-11-02
2017,11,3,26.188466666666667,2017-11-03
2017,11,4,26.3483,2017-11-04
2017,11,7,26.7558,2017-11-07
2017,11,8,26.49035,2017-11-08
2017,12,2,25.935200000000002,2017-12-02
2017,12,9,11.0044,2017-12-09
2017,12,12,20.09767142857143,2017-12-12
2018,1,1,6.478768055555555,2018-01-01
2018,1,2,1.734401388888889,2018-01-02
2018,1,3,2.284312142857143,2018-01-03
2018,1,4,2.1405521126760565,2018-01-04
2018,1,5,2.731215277777778,2018-01-05
2018,1,6,4.582325694444444,2018-01-06
2018,1,7,6.279125694444445,2018-01-07
2018,1,8,10.079872222222223,2018-01-08
2018,1,9,16.7049,2018-01-09
2018,1,10,18.180659722222224,2018-01-10
2018,1,11,19.637913194444444,2018-01-11
2018,1,12,19.096329166666667,2018-01-12
2018,1,13,11.266344444444444,2018-01-13
2018,1,14,5.254049305555555,2018-01-14
2018,1,15,6.5497,2018-01-15
2018,1,16,8.647884027777778,2018-01-16
2018,1,17,8.580568055555556,2018-01-17
2018,1,18,1.5432222222222223,2018-01-18
2018,1,19,5.9968916666666665,2018-01-19
2018,1,20,9.060844444444445,2018-01-20
2018,1,21,14.109377083333333,2018-01-21
2018,1,22,16.97073125,2018-01-22
2018,1,23,19.933013194444445,2018-01-23
2018,1,24,12.578563194444444,2018-01-24
2018,1,25,11.434252777777777,2018-01-25
2018,1,26,12.22920486111111,2018-01-26
2018,1,27,17.109190972222223,2018-01-27
2018,1,28,18.59907847222222,2018-01-28
2018,1,29,17.473445138888888,2018-01-29
2018,1,30,10.906337671232876,2018-01-30
2018,1,31,8.271789041095891,2018-01-31
2018,2,1,12.797615972222221,2018-02-01
2018,2,2,15.58490138888889,2018-02-02
2018,2,3,10.783645833333333,2018-02-03
2018,2,4,15.26186875,2018-02-04
2018,2,5,16.712938194444444,2018-02-05
2018,2,6,14.65970138888889,2018-02-06
2018,2,7,19.517102083333334,2018-02-07
2018,2,8,18.528229452054795,2018-02-08
2018,2,9,17.601788194444445,2018-02-09
2018,2,10,21.537825694444443,2018-02-10
2018,2,11,22.393359722222222,2018-02-11
2018,2,12,21.491554861111112,2018-02-12
2018,2,13,18.086358333333333,2018-02-13
2018,2,14,14.183293055555556,2018-02-14
2018,2,15,17.985348550724638,2018-02-15
2018,2,16,20.07401388888889,2018-02-16
2018,2,17,20.875339583333332,2018-02-17
2018,2,18,20.95391111111111,2018-02-18
2018,2,19,20.893447916666666,2018-02-19
2018,2,20,22.305311111111113,2018-02-20
2018,2,21,23.35626597222222,2018-02-21
2018,2,22,22.183331944444443,2018-02-22
2018,2,23,21.554083333333335,2018-02-23
2018,2,24,21.8300875,2018-02-24
2018,2,25,23.37269722222222,2018-02-25
2018,2,26,22.62909375,2018-02-26
2018,2,27,18.718666666666667,2018-02-27
2018,2,28,18.749585416666665,2018-02-28
2018,3,1,22.518072222222223,2018-03-01
2018,3,2,20.333770833333332,2018-03-02
2018,3,3,15.088611111111112,2018-03-03
2018,3,4,13.339872222222223,2018-03-04
2018,3,5,12.561214583333333,2018-03-05
2018,3,6,15.87631875,2018-03-06
2018,3,7,17.940709722222223,2018-03-07
2018,3,8,10.801811805555555,2018-03-08
2018,3,9,11.023050694444445,2018-03-09
2018,3,10,13.320163888888889,2018-03-10
2018,3,11,18.26661875,2018-03-11
2018,3,12,17.79219861111111,2018-03-12
2018,3,13,10.18318125,2018-03-13
2018,3,14,11.681453472222222,2018-03-14
2018,3,15,11.44285179856115,2018-03-15
2018,3,16,14.03160763888889,2018-03-16
2018,3,17,17.79941736111111,2018-03-17
2018,3,18,19.99758263888889,2018-03-18
2018,3,19,19.594197887323944,2018-03-19
2018,3,20,20.958592361111112,2018-03-20
2018,3,21,15.356721527777777,2018-03-21
2018,3,22,12.291851388888889,2018-03-22
2018,3,23,12.816722222222221,2018-03-23
2018,3,24,16.209222222222223,2018-03-24
2018,3,25,19.09489097222222,2018-03-25
2018,3,26,15.249209027777777,2018-03-26
2018,3,27,17.947881250000002,2018-03-27
2018,3,28,19.307671527777778,2018-03-28
2018,3,29,20.770439583333335,2018-03-29
2018,3,30,20.027644444444444,2018-03-30
2018,3,31,17.756754166666667,2018-03-31
2018,4,1,17.9673125,2018-04-01
2018,4,2,20.85292986111111,2018-04-02
2018,4,3,22.826551388888888,2018-04-03
2018,4,4,21.69365416666667,2018-04-04
2018,4,5,17.59140902777778,2018-04-05
2018,4,6,19.303303472222222,2018-04-06
2018,4,7,21.429330555555556,2018-04-07
2018,4,8,17.350593055555557,2018-04-08
2018,4,9,17.456439583333335,2018-04-09
2018,4,10,16.714904615384615,2018-04-10
2018,4,11,15.927742657342657,2018-04-11
2018,4,12,17.445636805555555,2018-04-12
2018,4,13,20.61350277777778,2018-04-13
2018,4,14,22.059551388888888,2018-04-14
2018,4,15,22.52978263888889,2018-04-15
2018,4,16,14.396125,2018-04-16
2018,4,17,16.044836805555555,2018-04-17
2018,4,18,20.248563194444444,2018-04-18
2018,4,19,20.45137777777778,2018-04-19
2018,4,20,18.571416666666668,2018-04-20
2018,4,21,19.844030555555555,2018-04-21
2018,4,22,21.34507986111111,2018-04-22
2018,4,23,22.884039583333333,2018-04-23
2018,4,24,21.529125531914893,2018-04-24
2018,4,25,19.888256944444443,2018-04-25
2018,4,26,20.513309027777776,2018-04-26
2018,4,27,21.53606111111111,2018-04-27
2018,4,28,20.665029861111112,2018-04-28
2018,4,29,22.366670833333334,2018-04-29
2018,4,30,20.98363611111111,2018-04-30
2018,5,1,20.55514861111111,2018-05-01
2018,5,2,20.744576388888888,2018-05-02
2018,5,3,21.090141666666668,2018-05-03
2018,5,4,22.37165486111111,2018-05-04
2018,5,5,21.896541666666668,2018-05-05
2018,5,6,24.01739513888889,2018-05-06
2018,5,7,24.719574305555554,2018-05-07
2018,5,8,22.615229166666666,2018-05-08
2018,5,9,22.182241666666666,2018-05-09
2018,5,10,23.42504513888889,2018-05-10
2018,5,11,25.86892013888889,2018-05-11
2018,5,12,25.34503263888889,2018-05-12
2018,5,13,22.536334027777777,2018-05-13
2018,5,14,21.81620625,2018-05-14
2018,5,15,21.80713888888889,2018-05-15
2018,5,16,21.98206875,2018-05-16
2018,5,17,22.891604861111112,2018-05-17
2018,5,18,22.797630555555557,2018-05-18
2018,5,19,23.706231250000002,2018-05-19
2018,5,20,22.019270833333334,2018-05-20
2018,5,21,22.598664583333335,2018-05-21
2018,5,22,23.6391625,2018-05-22
2018,5,23,24.7548125,2018-05-23
2018,5,24,25.450901388888887,2018-05-24
2018,5,25,25.314604166666665,2018-05-25
2018,5,26,24.61287777777778,2018-05-26
2018,5,27,23.745497916666668,2018-05-27
2018,5,28,25.22362222222222,2018-05-28
2018,5,29,24.4218625,2018-05-29
2018,5,30,23.018714583333335,2018-05-30
2018,5,31,24.412000735294118,2018-05-31
2018,6,1,25.770069791666668,2018-06-01
2018,6,2,25.99558229166667,2018-06-02
2018,6,3,25.69064432989691,2018-06-03
2018,6,4,26.81951914893617,2018-06-04
2018,6,5,26.742279166666666,2018-06-05
2018,6,6,23.036766666666665,2018-06-06
2018,6,7,24.324975694444444,2018-06-07
2018,6,8,24.074143055555556,2018-06-08
2018,6,9,24.70432152777778,2018-06-09
2018,6,10,24.191689583333332,2018-06-10
2018,6,11,24.707539583333332,2018-06-11
2018,6,12,23.954148611111112,2018-06-12
2018,6,13,25.71327847222222,2018-06-13
2018,6,14,26.328731944444446,2018-06-14
2018,6,15,26.890950694444445,2018-06-15
2018,6,16,25.59710972222222,2018-06-16
2018,6,17,25.781390277777778,2018-06-17
2018,6,18,26.808400694444444,2018-06-18
2018,6,19,25.738133333333334,2018-06-19
2018,6,20,25.91699927536232,2018-06-20
2018,6,21,26.111251041666666,2018-06-21
2018,6,22,28.464046875,2018-06-22
2018,6,23,28.47221818181818,2018-06-23
2018,6,24,27.981815277777777,2018-06-24
2018,6,25,26.97726527777778,2018-06-25
2018,6,26,27.143619444444443,2018-06-26
2018,6,27,26.088552083333333,2018-06-27
2018,6,28,26.96555075757576,2018-06-28
2018,6,29,25.50279035087719,2018-06-29
2018,6,30,25.18744166666667,2018-06-30
