"year","month","day","daily_temp","date"
2013,12,6,21.917650212766,2013-12-06
2013,12,7,21.7017041666667,2013-12-07
2013,12,8,20.7650229166667,2013-12-08
2013,12,9,21.1179458333333,2013-12-09
2013,12,10,20.8956776041667,2013-12-10
2013,12,11,14.5051765625,2013-12-11
2013,12,12,14.3925380208333,2013-12-12
2013,12,13,11.2134953125,2013-12-13
2013,12,14,16.9237010416667,2013-12-14
2013,12,15,17.3082921875,2013-12-15
2013,12,16,8.98461041666667,2013-12-16
2013,12,17,9.24999375,2013-12-17
2013,12,18,9.97663020833333,2013-12-18
2013,12,19,10.1114859375,2013-12-19
2013,12,20,15.252271875,2013-12-20
2013,12,21,20.4102619791667,2013-12-21
2013,12,22,22.6373015625,2013-12-22
2013,12,23,22.2511921875,2013-12-23
2013,12,24,15.4651822916667,2013-12-24
2013,12,25,9.56920520833333,2013-12-25
2013,12,26,12.8392109375,2013-12-26
2013,12,27,12.3751145833333,2013-12-27
2013,12,28,16.3788005208333,2013-12-28
2013,12,29,20.3448354166667,2013-12-29
2013,12,30,13.9822447916667,2013-12-30
2013,12,31,13.2713989795918,2013-12-31
2014,1,1,12.0445661458333,2014-01-01
2014,1,2,15.4423442708333,2014-01-02
2014,1,3,6.98519583333333,2014-01-03
2014,1,4,6.21453036649215,2014-01-04
2014,1,5,15.010984375,2014-01-05
2014,1,6,13.8883171875,2014-01-06
2014,1,7,1.14500052083333,2014-01-07
2014,1,8,3.2596078125,2014-01-08
2014,1,9,11.7970645833333,2014-01-09
2014,1,10,19.4516828125,2014-01-10
2014,1,11,21.1769734375,2014-01-11
2014,1,12,15.1412125,2014-01-12
2014,1,13,12.5830833333333,2014-01-13
2014,1,14,17.13228125,2014-01-14
2014,1,15,11.4088583333333,2014-01-15
2014,1,16,7.94611197916667,2014-01-16
2014,1,17,6.87802169312169,2014-01-17
2014,1,18,9.06679270833333,2014-01-18
2014,1,19,6.78449375,2014-01-19
2014,1,20,10.2151114583333,2014-01-20
2014,1,21,12.8928630208333,2014-01-21
2014,1,22,6.6675421875,2014-01-22
2014,1,23,4.74444635416667,2014-01-23
2014,1,24,5.01889427083333,2014-01-24
2014,1,25,8.4067015625,2014-01-25
2014,1,26,11.6201328125,2014-01-26
2014,1,27,15.9286298429319,2014-01-27
2014,1,28,14.3680339622642,2014-01-28
2014,1,29,5.26310625,2014-01-29
2014,1,30,2.83247986111111,2014-01-30
2014,1,31,8.26270952380952,2014-01-31
2014,2,1,14.7946789473684,2014-02-01
2014,2,2,18.5553677083333,2014-02-02
2014,2,3,21.3450270833333,2014-02-03
2014,2,4,18.9777815217391,2014-02-04
2014,2,5,21.7840666666667,2014-02-05
2014,2,6,13.2792673611111,2014-02-06
2014,2,7,8.87314375,2014-02-07
2014,2,8,10.2717972222222,2014-02-08
2014,2,9,11.1344284722222,2014-02-09
2014,2,10,12.5173090277778,2014-02-10
2014,2,11,14.1798465277778,2014-02-11
2014,2,12,10.5467694444444,2014-02-12
2014,2,13,9.54729861111111,2014-02-13
2014,2,14,8.30747569444445,2014-02-14
2014,2,15,11.7085743055556,2014-02-15
2014,2,16,10.1826277777778,2014-02-16
2014,2,17,12.8880493055556,2014-02-17
2014,2,18,14.7250625,2014-02-18
2014,2,19,18.9669152777778,2014-02-19
2014,2,20,18.9679430555556,2014-02-20
2014,2,21,19.6839395833333,2014-02-21
2014,2,22,18.2519625,2014-02-22
2014,2,23,14.4726555555556,2014-02-23
2014,2,24,16.7812883435583,2014-02-24
2014,2,25,17.8938739583333,2014-02-25
2014,2,26,15.0342442708333,2014-02-26
2014,2,27,10.8140890625,2014-02-27
2014,2,28,9.88241117318436,2014-02-28
2014,3,1,13.4666708333333,2014-03-01
2014,3,2,15.7289927083333,2014-03-02
2014,3,3,18.2365385416667,2014-03-03
2014,3,4,15.4679046875,2014-03-04
2014,3,5,9.08337395833333,2014-03-05
2014,3,6,11.7628588541667,2014-03-06
2014,3,7,7.94230578947368,2014-03-07
2014,3,8,10.7277223958333,2014-03-08
2014,3,9,14.5713776041667,2014-03-09
2014,3,10,17.5278651041667,2014-03-10
2014,3,11,18.160725,2014-03-11
2014,3,12,20.7226239583333,2014-03-12
2014,3,13,13.2238718390805,2014-03-13
2014,3,14,13.46804,2014-03-14
2014,3,15,16.8616244791667,2014-03-15
2014,3,16,20.1437,2014-03-16
2014,3,17,16.90715625,2014-03-17
2014,3,18,15.9984041666667,2014-03-18
2014,3,19,14.7172791666667,2014-03-19
2014,3,20,16.7176260416667,2014-03-20
2014,3,21,18.2039255208333,2014-03-21
2014,3,22,20.614703125,2014-03-22
2014,3,23,19.7450510416667,2014-03-23
2014,3,24,17.4481166666667,2014-03-24
2014,3,25,16.8643005208333,2014-03-25
2014,3,26,9.18552323943662,2014-03-26
2014,3,27,14.7173428571429,2014-03-27
2014,3,28,19.4697619791667,2014-03-28
2014,3,29,20.0440494791667,2014-03-29
2014,3,30,16.6208104166667,2014-03-30
2014,3,31,16.0817234693878,2014-03-31
2014,4,1,17.4566901041667,2014-04-01
2014,4,2,19.3191041666667,2014-04-02
2014,4,3,20.7187234375,2014-04-03
2014,4,4,21.0475807291667,2014-04-04
2014,4,5,20.507665625,2014-04-05
2014,4,6,23.0403588541667,2014-04-06
2014,4,7,23.600300625,2014-04-07
2014,4,8,21.8921075,2014-04-08
2014,4,9,16.7002139784946,2014-04-09
2014,4,10,17.3424932291667,2014-04-10
2014,4,11,18.007171875,2014-04-11
2014,4,12,20.9099848958333,2014-04-12
2014,4,13,20.6260895833333,2014-04-13
2014,4,14,22.6387578125,2014-04-14
2014,4,15,21.0586463541667,2014-04-15
2014,4,16,13.0968931937173,2014-04-16
2014,4,17,16.966496875,2014-04-17
2014,4,18,19.5213567708333,2014-04-18
2014,4,19,19.2812322916667,2014-04-19
2014,4,20,15.4053322916667,2014-04-20
2014,4,21,17.210059375,2014-04-21
2014,4,22,19.8554610062893,2014-04-22
2014,4,23,21.5148177083333,2014-04-23
2014,4,24,21.2209666666667,2014-04-24
2014,4,25,22.7900442708333,2014-04-25
2014,4,26,23.9065385416667,2014-04-26
2014,4,27,23.6369375,2014-04-27
2014,4,28,25.5485901041667,2014-04-28
2014,4,29,24.0634296875,2014-04-29
2014,4,30,23.1757525510204,2014-04-30
2014,5,1,23.4773067708333,2014-05-01
2014,5,2,19.5450284916201,2014-05-02
2014,5,3,17.0511319444444,2014-05-03
2014,5,4,19.6299215277778,2014-05-04
2014,5,5,22.8959798611111,2014-05-05
2014,5,6,23.0923845588235,2014-05-06
2014,5,7,23.0154139534884,2014-05-07
2014,5,8,25.2419933333333,2014-05-08
2014,5,9,25.3500489583333,2014-05-09
2014,5,10,25.063281443299,2014-05-10
2014,5,11,25.1134084210526,2014-05-11
2014,5,12,23.8954828282828,2014-05-12
2014,5,13,24.4137052083333,2014-05-13
2014,5,14,23.8068494949495,2014-05-14
2014,5,15,24.1819990990991,2014-05-15
2014,5,16,19.7025051546392,2014-05-16
2014,5,17,19.408646875,2014-05-17
2014,5,18,19.7903602040816,2014-05-18
2014,5,19,22.8259859649123,2014-05-19
2014,5,20,22.1648416666667,2014-05-20
2014,5,21,21.8140055555556,2014-05-21
2014,5,22,24.8406069444444,2014-05-22
2014,5,23,24.9147968,2014-05-23
2014,5,24,26.974909375,2014-05-24
2014,5,25,25.3244354166667,2014-05-25
2014,5,26,23.091490625,2014-05-26
2014,5,27,24.2558708333333,2014-05-27
2014,5,28,24.2546416666667,2014-05-28
2014,5,29,23.8228083333333,2014-05-29
2014,5,30,23.4611239583333,2014-05-30
2014,5,31,23.0529867346939,2014-05-31
2014,6,1,23.6029791666667,2014-06-01
2014,6,2,23.6518052631579,2014-06-02
2014,6,3,22.7536677083333,2014-06-03
2014,6,4,23.9011090909091,2014-06-04
2014,6,5,24.6229989361702,2014-06-05
2014,6,6,26.5534302083333,2014-06-06
2014,6,7,25.9378229166667,2014-06-07
2014,6,8,25.2911760416667,2014-06-08
2014,6,9,25.3161401041667,2014-06-09
2014,6,10,24.9690072916667,2014-06-10
2014,6,11,21.3811024590164,2014-06-11
2014,6,14,26.8305032258065,2014-06-14
2014,6,15,25.3025550632911,2014-06-15
2014,6,16,23.3050493421053,2014-06-16
2014,6,17,21.6341885416667,2014-06-17
2014,6,18,29.1916983333333,2014-06-18
2014,6,19,25.8560896995708,2014-06-19
2014,6,20,26.8778183333333,2014-06-20
2014,6,21,25.818915,2014-06-21
2014,6,22,25.84618,2014-06-22
2014,6,23,24.6289095833333,2014-06-23
2014,6,24,25.1508316666667,2014-06-24
2014,6,25,27.17960125,2014-06-25
2014,6,26,27.9280991666667,2014-06-26
2014,6,27,28.4827216666667,2014-06-27
2014,6,28,28.8962191666667,2014-06-28
2014,6,29,27.9399779166667,2014-06-29
2014,6,30,27.5238640816327,2014-06-30
2014,7,1,27.41977625,2014-07-01
2014,7,2,27.0625066666667,2014-07-02
2014,7,3,26.60166875,2014-07-03
2014,7,4,24.4438975,2014-07-04
2014,7,5,25.2064541666667,2014-07-05
2014,7,6,24.0349666666667,2014-07-06
2014,7,7,24.6990839130435,2014-07-07
2014,7,8,25.660489787234,2014-07-08
2014,7,9,26.4394233333333,2014-07-09
2014,7,10,26.3313770833333,2014-07-10
2014,7,11,26.5308185,2014-07-11
2014,7,12,23.64564875,2014-07-12
2014,7,13,25.6351104166667,2014-07-13
2014,7,14,25.2198595833333,2014-07-14
2014,7,15,23.9791863157895,2014-07-15
2014,8,7,30.3073884955752,2014-08-07
2014,8,8,25.5109245833333,2014-08-08
2014,8,9,26.6654354166667,2014-08-09
2014,8,10,27.3604804166667,2014-08-10
2014,8,11,25.7589791666667,2014-08-11
2014,8,12,25.1569954166667,2014-08-12
2014,8,13,26.1752083333333,2014-08-13
2014,8,14,25.6035858333333,2014-08-14
2014,8,15,25.29359375,2014-08-15
2014,8,16,26.42474875,2014-08-16
2014,8,17,27.5524454166667,2014-08-17
2014,8,18,26.4023091666667,2014-08-18
2014,8,19,27.6130216666667,2014-08-19
2014,8,20,28.2306825,2014-08-20
2014,8,21,28.1406483333333,2014-08-21
2014,8,22,26.7327579166667,2014-08-22
2014,8,23,27.3797208333333,2014-08-23
2014,8,24,26.3105070833333,2014-08-24
2014,8,25,25.310775,2014-08-25
2014,8,26,25.5143841666667,2014-08-26
2014,8,27,25.4101091666667,2014-08-27
2014,8,28,25.36643,2014-08-28
2014,8,29,25.89406,2014-08-29
2014,8,30,26.44054,2014-08-30
2014,8,31,26.46253875,2014-08-31
2014,9,1,27.29842625,2014-09-01
2014,9,2,26.7787433333333,2014-09-02
2014,9,3,27.0523941666667,2014-09-03
2014,9,4,25.6241429166667,2014-09-04
2014,9,5,24.4917829166667,2014-09-05
2014,9,6,24.256165,2014-09-06
2014,9,7,24.98365,2014-09-07
2014,9,8,25.0461433333333,2014-09-08
2014,9,9,23.5464635,2014-09-09
2014,9,10,25.6372558333333,2014-09-10
2014,9,11,26.2786175,2014-09-11
2014,9,12,26.4983929166667,2014-09-12
2014,9,13,26.9567466666667,2014-09-13
2014,9,14,26.9240470833333,2014-09-14
2014,9,15,25.8172283333333,2014-09-15
2014,9,16,24.5421625,2014-09-16
2014,9,17,24.08334625,2014-09-17
2014,9,18,25.16106125,2014-09-18
2014,9,19,22.9394879166667,2014-09-19
2014,9,20,23.08312,2014-09-20
2014,9,21,23.7925229166667,2014-09-21
2014,9,22,23.2900016666667,2014-09-22
2014,9,23,22.5709970833333,2014-09-23
2014,9,24,21.3561308333333,2014-09-24
2014,9,25,20.7453429166667,2014-09-25
2014,9,26,22.6107345833333,2014-09-26
2014,9,27,24.62498375,2014-09-27
2014,9,28,24.3915245833333,2014-09-28
2014,9,29,23.3176008333333,2014-09-29
2014,9,30,23.7980125,2014-09-30
2014,10,1,24.0437333333333,2014-10-01
2014,10,2,24.9497333333333,2014-10-02
2014,10,3,24.5901504166667,2014-10-03
2014,10,4,23.5924908333333,2014-10-04
2014,10,5,17.2684695833333,2014-10-05
2014,10,6,17.7620025,2014-10-06
2014,10,7,22.2562929166667,2014-10-07
2014,10,8,24.2069766666667,2014-10-08
2014,10,9,24.0913691666667,2014-10-09
2014,10,10,23.9658875,2014-10-10
2014,10,11,23.56311125,2014-10-11
2014,10,12,24.23309,2014-10-12
2014,10,13,24.5827558333333,2014-10-13
2014,10,14,24.2907083333333,2014-10-14
2014,10,15,22.1515291666667,2014-10-15
2014,10,16,18.68497375,2014-10-16
2014,10,17,18.4730725,2014-10-17
2014,10,18,19.4000691666667,2014-10-18
2014,10,19,19.8704,2014-10-19
2014,10,20,20.4371245833333,2014-10-20
2014,10,21,22.1297445833333,2014-10-21
2014,10,22,19.7278895833333,2014-10-22
2014,10,23,17.0369908333333,2014-10-23
2014,10,24,16.5735716666667,2014-10-24
2014,10,25,16.9420945833333,2014-10-25
2014,10,26,17.3838433333333,2014-10-26
2014,10,27,20.9017920833333,2014-10-27
2014,10,28,20.98887,2014-10-28
2014,10,29,21.6611495833333,2014-10-29
2014,10,30,20.01348,2014-10-30
2014,10,31,17.8159420833333,2014-10-31
2014,11,1,11.86584625,2014-11-01
2014,11,2,9.38463291666667,2014-11-02
2014,11,3,11.3224075,2014-11-03
2014,11,4,15.8427058333333,2014-11-04
2014,11,5,19.96229875,2014-11-05
2014,11,6,19.8304345833333,2014-11-06
2014,11,7,17.06738375,2014-11-07
2014,11,8,13.2603233333333,2014-11-08
2014,11,9,15.7065875,2014-11-09
2014,11,10,15.96962,2014-11-10
2014,11,11,17.5203925,2014-11-11
2014,11,12,16.7788308333333,2014-11-12
2014,11,13,17.2007075,2014-11-13
2014,11,14,14.4730825,2014-11-14
2014,11,15,11.0232391666667,2014-11-15
2014,11,16,16.45688,2014-11-16
2014,11,17,19.7309533333333,2014-11-17
2014,11,18,9.6366475,2014-11-18
2014,11,19,4.99353041666667,2014-11-19
2014,11,20,6.22769958333333,2014-11-20
2014,11,21,11.2766195833333,2014-11-21
2014,11,22,15.5363241666667,2014-11-22
2014,11,23,21.96865375,2014-11-23
2014,11,24,24.3494029166667,2014-11-24
2014,11,25,19.8441804166667,2014-11-25
2014,11,26,13.5227816666667,2014-11-26
2014,11,27,10.1640025,2014-11-27
2014,11,28,7.62111375,2014-11-28
2014,11,29,9.67183625,2014-11-29
2014,11,30,14.4055732217573,2014-11-30
2014,12,1,17.100239748954,2014-12-01
2014,12,2,17.6745594736842,2014-12-02
2014,12,9,12.7214631578947,2014-12-09
2014,12,10,8.79339839572192,2014-12-10
2014,12,11,7.14946291666667,2014-12-11
2014,12,12,9.40388791666667,2014-12-12
2014,12,13,8.872155,2014-12-13
2014,12,14,10.1929595833333,2014-12-14
2014,12,15,10.3428816666667,2014-12-15
2014,12,16,12.048075,2014-12-16
2014,12,17,14.18926,2014-12-17
2014,12,18,10.6090783333333,2014-12-18
2014,12,19,12.7734441666667,2014-12-19
2014,12,20,14.6645129166667,2014-12-20
2014,12,21,15.73128,2014-12-21
2014,12,22,18.8213670833333,2014-12-22
2014,12,23,20.5546754166667,2014-12-23
2014,12,24,21.6926829166667,2014-12-24
2014,12,25,14.5340933333333,2014-12-25
2014,12,26,11.2842366666667,2014-12-26
2014,12,27,16.7475341666667,2014-12-27
2014,12,28,19.0549775,2014-12-28
2014,12,29,19.4630229166667,2014-12-29
2014,12,30,19.53998375,2014-12-30
2014,12,31,12.7308216666667,2014-12-31
2015,1,1,12.7854075,2015-01-01
2015,1,2,15.8493654166667,2015-01-02
2015,1,3,19.6289858333333,2015-01-03
2015,1,4,22.24140375,2015-01-04
2015,1,5,15.1327575,2015-01-05
2015,1,6,11.9024666666667,2015-01-06
2015,1,7,10.8161291666667,2015-01-07
2015,1,8,4.3504,2015-01-08
2015,1,9,5.814085,2015-01-09
2015,1,10,8.38066208333333,2015-01-10
2015,1,11,12.6262741666667,2015-01-11
2015,1,12,17.2628252293578,2015-01-12
2015,1,13,17.0168739583333,2015-01-13
2015,1,14,12.8423770408163,2015-01-14
2015,1,15,8.91734298245614,2015-01-15
2015,1,16,7.82537935483871,2015-01-16
2015,1,29,17.966575,2015-01-29
2015,1,30,12.4305959349593,2015-01-30
2015,1,31,10.12495,2015-01-31
2015,2,1,12.6795645833333,2015-02-01
2015,2,2,17.4280645833333,2015-02-02
2015,2,3,8.227415625,2015-02-03
2015,2,4,10.9398114583333,2015-02-04
2015,2,5,13.5443385416667,2015-02-05
2015,2,6,9.87869166666667,2015-02-06
2015,2,7,10.9225052083333,2015-02-07
2015,2,8,13.3576645833333,2015-02-08
2015,2,9,13.348915625,2015-02-09
2015,2,10,12.9005916666667,2015-02-10
2015,2,11,11.091521875,2015-02-11
2015,2,12,11.0877226190476,2015-02-12
2015,2,13,8.695565625,2015-02-13
2015,2,14,6.76347395833333,2015-02-14
2015,2,15,12.9761229166667,2015-02-15
2015,2,16,13.2485614583333,2015-02-16
2015,2,17,17.29909375,2015-02-17
2015,2,18,9.01366145833333,2015-02-18
2015,2,19,5.07640416666667,2015-02-19
2015,2,20,2.74091041666667,2015-02-20
2015,2,21,8.71703333333333,2015-02-21
2015,2,22,18.008146875,2015-02-22
2015,2,23,18.9983947916667,2015-02-23
2015,2,24,16.1416135416667,2015-02-24
2015,2,25,13.3252072916667,2015-02-25
2015,2,26,16.1513625,2015-02-26
2015,2,27,10.597909375,2015-02-27
2015,2,28,12.3534052083333,2015-02-28
2015,3,1,14.8945916666667,2015-03-01
2015,3,2,18.7920864583333,2015-03-02
2015,3,3,20.925190625,2015-03-03
2015,3,4,22.8704572916667,2015-03-04
2015,3,5,21.8161958333333,2015-03-05
2015,3,6,14.574525,2015-03-06
2015,3,7,11.1106916666667,2015-03-07
2015,3,8,14.105634375,2015-03-08
2015,3,9,17.3260895833333,2015-03-09
2015,3,10,21.2905645833333,2015-03-10
2015,3,11,23.7507208333333,2015-03-11
2015,3,12,24.0174875,2015-03-12
2015,3,13,23.5631909090909,2015-03-13
2015,3,14,23.4848736111111,2015-03-14
2015,3,15,22.77856875,2015-03-15
2015,3,16,21.1697243055556,2015-03-16
2015,3,17,21.1474057971014,2015-03-17
2015,3,18,21.27031875,2015-03-18
2015,3,19,20.6313729166667,2015-03-19
2015,3,20,21.5376833333333,2015-03-20
2015,3,21,22.0927770833333,2015-03-21
2015,3,22,22.858621875,2015-03-22
2015,3,23,20.1712099099099,2015-03-23
2015,3,24,16.91065,2015-03-24
2015,3,25,19.0837552083333,2015-03-25
2015,3,26,20.2696258741259,2015-03-26
2015,3,27,19.7429909722222,2015-03-27
2015,3,28,13.3634583333333,2015-03-28
2015,3,29,12.0840076388889,2015-03-29
2015,3,30,14.1049236111111,2015-03-30
2015,3,31,16.4766375,2015-03-31
2015,4,1,22.2631472222222,2015-04-01
2015,4,2,21.6810172839506,2015-04-02
2015,4,3,22.7388354166667,2015-04-03
2015,4,4,21.1459026041667,2015-04-04
2015,4,5,20.4849208333333,2015-04-05
2015,4,6,20.9074197916667,2015-04-06
2015,4,7,22.7125572916667,2015-04-07
2015,4,8,23.8339979166667,2015-04-08
2015,4,9,23.79055,2015-04-09
2015,4,10,24.4219838541667,2015-04-10
2015,4,11,23.6439526041667,2015-04-11
2015,4,12,22.8065010416667,2015-04-12
2015,4,13,21.8767984375,2015-04-13
2015,4,14,23.3645010416667,2015-04-14
2015,4,15,23.4002182291667,2015-04-15
2015,4,16,21.3450255208333,2015-04-16
2015,4,17,20.2717713541667,2015-04-17
2015,4,18,24.0915947916667,2015-04-18
2015,4,19,24.3323473958333,2015-04-19
2015,4,20,20.8429265625,2015-04-20
2015,4,21,21.23398125,2015-04-21
2015,4,22,22.1372398058252,2015-04-22
2015,4,23,22.8679666666667,2015-04-23
2015,4,24,22.4050376190476,2015-04-24
2015,4,26,27.0702626168224,2015-04-26
2015,4,27,24.3006096638655,2015-04-27
2015,4,28,20.4851691666667,2015-04-28
2015,4,29,22.21965375,2015-04-29
2015,4,30,19.545866122449,2015-04-30
2015,5,1,20.0149683333333,2015-05-01
2015,5,2,18.252805,2015-05-02
2015,5,3,19.3284329166667,2015-05-03
2015,5,4,19.8846541666667,2015-05-04
2015,5,5,20.7613254166667,2015-05-05
2015,5,6,21.36816,2015-05-06
2015,5,7,21.8783283333333,2015-05-07
2015,5,8,22.7609675,2015-05-08
2015,5,9,24.7857133333333,2015-05-09
2015,5,10,25.5572683333333,2015-05-10
2015,5,11,25.2359120833333,2015-05-11
2015,5,12,25.1833708333333,2015-05-12
2015,5,13,24.3697841666667,2015-05-13
2015,5,14,23.68775875,2015-05-14
2015,5,15,24.191495,2015-05-15
2015,5,16,23.19653125,2015-05-16
2015,5,17,24.0095845833333,2015-05-17
2015,5,18,24.9805483333333,2015-05-18
2015,5,19,25.43598125,2015-05-19
2015,5,20,23.5376254166667,2015-05-20
2015,5,21,25.8050616666667,2015-05-21
2015,5,22,25.9721975,2015-05-22
2015,5,23,24.1445275,2015-05-23
2015,5,24,24.8121566666667,2015-05-24
2015,5,25,25.8975266666667,2015-05-25
2015,5,26,26.1373141666667,2015-05-26
2015,5,27,26.0855558333333,2015-05-27
2015,5,28,23.988825,2015-05-28
2015,5,29,23.8769891666667,2015-05-29
2015,5,30,24.4704,2015-05-30
2015,5,31,25.295492244898,2015-05-31
2015,6,1,24.0412898058252,2015-06-01
2015,6,2,23.2149058333333,2015-06-02
2015,6,3,23.9846791666667,2015-06-03
2015,6,4,25.4498,2015-06-04
2015,6,5,25.1286716666667,2015-06-05
2015,6,6,24.4016875,2015-06-06
2015,6,7,25.24322375,2015-06-07
2015,6,8,25.2841954166667,2015-06-08
2015,6,9,26.3763995833333,2015-06-09
2015,6,10,24.2303991666667,2015-06-10
2015,6,11,25.1790258333333,2015-06-11
2015,6,12,25.8990558333333,2015-06-12
2015,6,13,26.6933895833333,2015-06-13
2015,6,14,27.9554545833333,2015-06-14
2015,6,15,27.7389258333333,2015-06-15
2015,6,16,29.0439245833333,2015-06-16
2015,6,17,29.53105625,2015-06-17
2015,6,18,28.2484525,2015-06-18
2015,6,19,27.36653875,2015-06-19
2015,6,20,28.9824283333333,2015-06-20
2015,6,21,29.26275125,2015-06-21
2015,6,22,28.55387875,2015-06-22
2015,6,23,25.26772375,2015-06-23
2015,6,24,25.9510229166667,2015-06-24
2015,6,25,25.34493125,2015-06-25
2015,6,26,25.1090816666667,2015-06-26
2015,6,27,26.89120125,2015-06-27
2015,6,28,26.1203854166667,2015-06-28
2015,6,29,24.96950375,2015-06-29
2015,6,30,25.9030779591837,2015-06-30
2015,7,1,25.52397875,2015-07-01
2015,7,2,25.205635,2015-07-02
2015,7,3,26.3124508333333,2015-07-03
2015,7,4,25.98408625,2015-07-04
2015,7,5,25.2185383333333,2015-07-05
2015,7,6,24.5155341666667,2015-07-06
2015,7,7,24.8810691666667,2015-07-07
2015,7,8,25.6881404166667,2015-07-08
2015,7,9,27.3546191666667,2015-07-09
2015,7,10,27.9118683333333,2015-07-10
2015,7,11,26.2470620833333,2015-07-11
2015,7,12,25.8718854166667,2015-07-12
2015,7,13,25.9557041666667,2015-07-13
2015,7,14,28.17363375,2015-07-14
2015,7,15,26.5955183333333,2015-07-15
2015,7,16,26.6579479166667,2015-07-16
2015,7,17,26.2281066666667,2015-07-17
2015,7,18,26.1265295833333,2015-07-18
2015,7,19,27.5339275,2015-07-19
2015,7,20,25.8005583333333,2015-07-20
2015,7,21,25.7795673267327,2015-07-21
2015,7,22,27.308739516129,2015-07-22
2015,7,23,27.222596875,2015-07-23
2015,7,24,26.30820625,2015-07-24
2015,7,25,25.6910729166667,2015-07-25
2015,7,26,26.2036354166667,2015-07-26
2015,7,27,26.2680927083333,2015-07-27
2015,7,28,26.2298754098361,2015-07-28
2015,7,29,28.7177887323944,2015-07-29
2015,7,30,26.039995,2015-07-30
2015,7,31,26.9562108597285,2015-07-31
2015,8,1,24.4820973214286,2015-08-01
2015,8,2,24.9787004464286,2015-08-02
2015,8,3,24.6880995689655,2015-08-03
2015,8,4,25.252159375,2015-08-04
2015,8,5,26.828936637931,2015-08-05
2015,8,6,27.1315598214286,2015-08-06
2015,8,7,25.4595319444444,2015-08-07
2015,8,8,26.6099855769231,2015-08-08
2015,8,9,27.0083691964286,2015-08-09
2015,8,10,26.7182476851852,2015-08-10
2015,8,11,26.3217663793103,2015-08-11
2015,8,12,27.2816736607143,2015-08-12
2015,8,13,25.5640925,2015-08-13
2015,8,14,25.5110642857143,2015-08-14
2015,8,15,25.0445986607143,2015-08-15
2015,8,16,24.3040575,2015-08-16
2015,8,17,23.8020338164251,2015-08-17
2015,8,18,25.5538758928571,2015-08-18
2015,8,19,25.1569821428571,2015-08-19
2015,8,20,25.4819165178571,2015-08-20
2015,8,21,26.89384625,2015-08-21
2015,8,22,27.8263791666667,2015-08-22
2015,8,23,27.4095704166667,2015-08-23
2015,8,24,24.5266829166667,2015-08-24
2015,8,25,27.7812679166667,2015-08-25
2015,8,26,27.96606,2015-08-26
2015,8,27,24.40587,2015-08-27
2015,8,28,24.8396670833333,2015-08-28
2015,8,29,23.9016579166667,2015-08-29
2015,8,30,23.6665720833333,2015-08-30
2015,8,31,24.6562971428571,2015-08-31
2015,9,1,25.5913558333333,2015-09-01
2015,9,2,24.4937757142857,2015-09-02
2015,9,3,29.5333616666667,2015-09-03
2015,9,4,25.0842605504587,2015-09-04
2015,9,5,23.5831640625,2015-09-05
2015,9,6,23.8296744791667,2015-09-06
2015,9,7,23.7523130208333,2015-09-07
2015,9,8,24.4263144067797,2015-09-08
2015,9,9,26.2694933333333,2015-09-09
2015,9,10,26.4583591666667,2015-09-10
2015,9,11,27.00521125,2015-09-11
2015,9,12,23.9408204166667,2015-09-12
2015,9,13,23.1166951219512,2015-09-13
2015,9,14,22.7618636363636,2015-09-14
2015,9,15,23.66120125,2015-09-15
2015,9,16,22.4011910891089,2015-09-16
2015,9,17,22.6209098958333,2015-09-17
2015,9,18,22.8236067708333,2015-09-18
2015,9,19,24.2803666666667,2015-09-19
2015,9,20,25.3302895833333,2015-09-20
2015,9,21,24.956036492891,2015-09-21
2015,9,22,24.8620266666667,2015-09-22
2015,9,23,23.8036485148515,2015-09-23
2015,9,24,24.1964322916667,2015-09-24
2015,9,25,23.4316510416667,2015-09-25
2015,9,26,24.4039479166667,2015-09-26
2015,9,27,24.4169885416667,2015-09-27
2015,9,28,24.87630625,2015-09-28
2015,9,29,24.1111986486486,2015-09-29
2015,9,30,25.9621578034682,2015-09-30
2015,10,1,25.5052285714286,2015-10-01
2015,10,2,22.8258536312849,2015-10-02
2015,10,3,19.9795965517241,2015-10-03
2015,10,4,19.7114841059603,2015-10-04
2015,10,5,20.6014972972973,2015-10-05
2015,10,6,20.6843356097561,2015-10-06
2015,10,7,21.5280815899582,2015-10-07
2015,10,8,21.7370480851064,2015-10-08
2015,10,9,23.8187100840336,2015-10-09
2015,10,10,23.0031025751073,2015-10-10
2015,10,11,21.5050125541126,2015-10-11
2015,10,12,20.1901088888889,2015-10-12
2015,10,13,20.9064694915254,2015-10-13
2015,10,14,22.4529406779661,2015-10-14
2015,10,15,20.4360869747899,2015-10-15
2015,10,16,20.1629198312236,2015-10-16
2015,10,17,20.6584907172996,2015-10-17
2015,10,18,18.1145202531646,2015-10-18
2015,10,19,16.7010991596639,2015-10-19
2015,10,20,19.2505829166667,2015-10-20
2015,10,21,20.1846885106383,2015-10-21
2015,10,22,21.9623214285714,2015-10-22
2015,10,23,22.0139406698565,2015-10-23
2015,10,24,21.7392957671958,2015-10-24
2015,10,25,22.0312607142857,2015-10-25
2015,10,26,21.6001147679325,2015-10-26
2015,10,27,21.3819472727273,2015-10-27
2015,10,28,23.4058219251337,2015-10-28
2015,10,29,22.1086810526316,2015-10-29
2015,10,30,20.2648494444444,2015-10-30
2015,10,31,21.1987979020979,2015-10-31
2015,11,1,23.9475609302326,2015-11-01
2015,11,2,24.5934889361702,2015-11-02
2015,11,3,25.1192899159664,2015-11-03
2015,11,4,25.2586844537815,2015-11-04
2015,11,5,24.7482846153846,2015-11-05
2015,11,6,24.0343075949367,2015-11-06
2015,11,7,23.8361569620253,2015-11-07
2015,11,8,23.4383502109705,2015-11-08
2015,11,9,23.2584835443038,2015-11-09
2015,11,10,22.9139945147679,2015-11-10
2015,11,11,19.6682140425532,2015-11-11
2015,11,12,20.2853446351931,2015-11-12
2015,11,13,19.5442004237288,2015-11-13
2015,11,14,15.4182122881356,2015-11-14
2015,11,15,16.3546015706806,2015-11-15
2015,11,16,18.4965444444444,2015-11-16
2015,11,17,20.2028994594595,2015-11-17
2015,11,18,22.5595368421053,2015-11-18
2015,11,19,22.8023990384615,2015-11-19
2015,11,20,21.0140926108374,2015-11-20
2015,11,21,20.2239967741935,2015-11-21
2015,11,22,19.1172220238095,2015-11-22
2015,11,23,10.2260269503546,2015-11-23
2015,11,24,12.4153162162162,2015-11-24
2015,11,25,16.1755485232067,2015-11-25
2015,11,26,18.3474949367089,2015-11-26
2015,11,27,18.5788683544304,2015-11-27
2015,11,28,19.0473021186441,2015-11-28
2015,11,29,18.710825751073,2015-11-29
2015,11,30,18.860570292887,2015-11-30
2015,12,1,19.9840621276596,2015-12-01
2015,12,2,20.969929113924,2015-12-02
2015,12,3,17.6831211864407,2015-12-03
2015,12,4,13.9633652542373,2015-12-04
2015,12,5,15.8208552742616,2015-12-05
2015,12,6,17.9883924369748,2015-12-06
2015,12,7,16.7660860169492,2015-12-07
2015,12,8,12.9984372881356,2015-12-08
2015,12,9,15.6738744680851,2015-12-09
2015,12,10,15.8330995744681,2015-12-10
2015,12,11,15.6562905172414,2015-12-11
2015,12,12,17.0344443037975,2015-12-12
2015,12,13,19.5595725738397,2015-12-13
2015,12,14,21.7301920930233,2015-12-14
2015,12,15,21.0004654450262,2015-12-15
2015,12,16,22.4391333333333,2015-12-16
2015,12,17,22.3193153846154,2015-12-17
2015,12,18,19.0096623430962,2015-12-18
2015,12,19,9.0389768907563,2015-12-19
2015,12,20,10.6587907172996,2015-12-20
2015,12,21,16.8031952991453,2015-12-21
2015,12,22,22.2337216101695,2015-12-22
2015,12,23,21.6272400843882,2015-12-23
2015,12,24,23.2315059322034,2015-12-24
2015,12,25,23.5622158119658,2015-12-25
2015,12,26,22.4453383966245,2015-12-26
2015,12,27,23.6795411167513,2015-12-27
2015,12,28,22.9548954545455,2015-12-28
2015,12,29,23.00155625,2015-12-29
2015,12,30,23.1063141361257,2015-12-30
2015,12,31,23.171031443299,2015-12-31
2016,1,1,21.6584968253968,2016-01-01
2016,1,2,13.2257378947368,2016-01-02
2016,1,3,10.5584458333333,2016-01-03
2016,1,4,10.6163371727749,2016-01-04
2016,1,5,8.69276947368421,2016-01-05
2016,1,6,9.82214677419355,2016-01-06
2016,1,7,11.8100185185185,2016-01-07
2016,1,8,15.5616815789474,2016-01-08
2016,1,9,15.9662513227513,2016-01-09
2016,1,10,16.934685106383,2016-01-10
2016,1,11,7.91059100529101,2016-01-11
2016,1,12,6.61879319371728,2016-01-12
2016,1,13,8.00996492146597,2016-01-13
2016,1,14,9.1337193236715,2016-01-14
2016,1,15,15.4575101694915,2016-01-15
2016,1,16,14.941793220339,2016-01-16
2016,1,17,14.1734974358974,2016-01-17
2016,1,18,8.29818626609442,2016-01-18
2016,1,19,6.11536068376068,2016-01-19
2016,1,20,6.0111,2016-01-20
2016,1,21,10.7747175213675,2016-01-21
2016,1,22,14.5193076595745,2016-01-22
2016,1,23,6.29315847457627,2016-01-23
2016,1,24,3.80040210970464,2016-01-24
2016,1,25,7.54150548523207,2016-01-25
2016,1,26,13.5362310638298,2016-01-26
2016,1,27,16.5792701680672,2016-01-27
2016,1,28,14.3155545064378,2016-01-28
2016,1,29,12.7363941176471,2016-01-29
2016,1,30,11.6012118644068,2016-01-30
2016,1,31,12.692534439834,2016-01-31
2016,2,1,16.5916957627119,2016-02-01
2016,2,2,19.6242197478992,2016-02-02
2016,2,3,22.7390336134454,2016-02-03
2016,2,4,19.8271357142857,2016-02-04
2016,2,5,9.12266333333333,2016-02-05
2016,2,6,9.1678779661017,2016-02-06
2016,2,7,7.98583744680851,2016-02-07
2016,2,8,8.53247552742616,2016-02-08
2016,2,9,10.5610190677966,2016-02-09
2016,2,10,6.55208305084746,2016-02-10
2016,2,11,8.0234982832618,2016-02-11
2016,2,12,13.8116791666667,2016-02-12
2016,2,13,14.2186286713287,2016-02-13
2016,2,14,8.79194154929577,2016-02-14
2016,2,15,12.4860255319149,2016-02-15
2016,2,16,17.6385971830986,2016-02-16
2016,2,17,14.1655907801418,2016-02-17
2016,2,18,12.5274971830986,2016-02-18
2016,2,19,12.5991617021277,2016-02-19
2016,2,20,15.2077673758865,2016-02-20
2016,2,21,17.3482216783217,2016-02-21
2016,2,22,17.9922283783784,2016-02-22
2016,2,23,19.7273578947368,2016-02-23
2016,2,24,20.7666394594595,2016-02-24
2016,2,25,13.1629097902098,2016-02-25
2016,2,26,9.96128085106383,2016-02-26
2016,2,27,6.98711164383562,2016-02-27
2016,2,28,11.32565375,2016-02-28
2016,2,29,13.2403114583333,2016-02-29
2016,3,1,16.3143036585366,2016-03-01
2016,3,2,18.7461540816327,2016-03-02
2016,3,3,14.6768979381443,2016-03-03
2016,3,4,14.4368673684211,2016-03-04
2016,3,5,11.9087505154639,2016-03-05
2016,3,6,10.8176230769231,2016-03-06
2016,3,7,14.5945875,2016-03-07
2016,3,8,18.122975308642,2016-03-08
2016,3,9,17.589344,2016-03-09
2016,3,10,21.9001925675676,2016-03-10
2016,3,11,22.0737990430622,2016-03-11
2016,3,12,21.1682988505747,2016-03-12
2016,3,13,21.6892246575342,2016-03-13
2016,3,14,21.6945184931507,2016-03-14
2016,3,15,22.9475006993007,2016-03-15
2016,3,16,23.796941958042,2016-03-16
2016,3,17,21.5996755244755,2016-03-17
2016,3,18,19.9723041666667,2016-03-18
2016,3,19,20.5691857142857,2016-03-19
2016,3,20,21.1022193103448,2016-03-20
2016,3,21,13.5333928143713,2016-03-21
2016,3,22,12.9301708994709,2016-03-22
2016,3,23,17.0232868421053,2016-03-23
2016,3,24,19.96929,2016-03-24
2016,3,25,19.1480615789474,2016-03-25
2016,3,26,21.6262869109948,2016-03-26
2016,3,27,23.4545494791667,2016-03-27
2016,3,28,23.1285291891892,2016-03-28
2016,3,29,20.9379569148936,2016-03-29
2016,3,30,20.6001113513514,2016-03-30
2016,3,31,22.8367994818653,2016-03-31
2016,4,1,23.5810822916667,2016-04-01
2016,4,2,23.3943148148148,2016-04-02
2016,4,3,18.1958287958115,2016-04-03
2016,4,4,17.9914815789474,2016-04-04
2016,4,5,19.5065905263158,2016-04-05
2016,4,6,17.9609147368421,2016-04-06
2016,4,7,21.0177236842105,2016-04-07
2016,4,8,21.0443095238095,2016-04-08
2016,4,9,18.1074878947368,2016-04-09
2016,4,10,17.2404433862434,2016-04-10
2016,4,11,18.3412179640719,2016-04-11
2016,4,12,20.95215,2016-04-12
2016,4,13,20.3605104166667,2016-04-13
2016,4,14,19.3941572916667,2016-04-14
2016,4,15,19.1216692307692,2016-04-15
2016,4,16,20.4786,2016-04-16
2016,4,17,18.6840311827957,2016-04-17
2016,4,18,17.6469114583333,2016-04-18
2016,4,19,19.3974,2016-04-19
2016,4,20,19.9748777777778,2016-04-20
2016,4,21,20.7294329896907,2016-04-21
2016,4,22,21.8917931034483,2016-04-22
2016,4,23,20.2145844444444,2016-04-23
2016,4,24,22.2074584269663,2016-04-24
2016,4,25,21.6804958333333,2016-04-25
2016,4,26,22.0648903225806,2016-04-26
2016,4,27,23.0999261363636,2016-04-27
2016,4,28,24.5038868131868,2016-04-28
2016,4,29,26.1871826086957,2016-04-29
2016,4,30,26.0418440860215,2016-04-30
2016,5,1,25.6342880208333,2016-05-01
2016,5,2,25.9343461139896,2016-05-02
2016,5,3,25.7595916666667,2016-05-03
2016,5,4,22.02413125,2016-05-04
2016,5,5,19.6505165803109,2016-05-05
2016,5,6,17.2591015463918,2016-05-06
2016,5,7,18.5752125,2016-05-07
2016,5,8,21.9349135416667,2016-05-08
2016,5,9,22.7523663212435,2016-05-09
2016,5,10,23.27010859375,2016-05-10
2016,5,11,24.6731364583333,2016-05-11
2016,5,12,24.7698124183007,2016-05-12
2016,5,13,23.9568528409091,2016-05-13
2016,5,14,23.1130806666667,2016-05-14
2016,5,16,27.104204,2016-05-16
2016,5,17,25.4176560693642,2016-05-17
2016,5,25,28.2415747474747,2016-05-25
2016,5,26,23.6749497461929,2016-05-26
2016,5,27,23.6327559585492,2016-05-27
2016,5,28,24.6528804123711,2016-05-28
2016,5,29,25.3719093264249,2016-05-29
2016,5,30,26.0321371134021,2016-05-30
2016,5,31,26.1337945945946,2016-05-31
2016,6,1,25.7265863874346,2016-06-01
2016,6,2,26.7266333333333,2016-06-02
2016,6,3,27.9119082474227,2016-06-03
2016,6,4,26.8111723958333,2016-06-04
2016,6,5,26.9020005154639,2016-06-05
2016,6,6,23.9487484536082,2016-06-06
2016,6,7,25.8335932291667,2016-06-07
2016,6,8,27.8732072164948,2016-06-08
2016,6,9,27.3615197916667,2016-06-09
2016,6,10,27.0623269430052,2016-06-10
2016,6,11,26.7511578125,2016-06-11
2016,6,12,27.2763177083333,2016-06-12
2016,6,13,27.047834375,2016-06-13
2016,6,14,28.7179176165803,2016-06-14
2016,6,15,28.992878238342,2016-06-15
2016,6,16,26.1664135416667,2016-06-16
2016,6,17,26.644121875,2016-06-17
2016,6,18,24.6843621052632,2016-06-18
2016,6,19,24.5173777202073,2016-06-19
2016,6,20,23.8515211340206,2016-06-20
2016,6,21,24.019108125,2016-06-21
2016,6,22,27.001571875,2016-06-22
2016,6,23,28.4795049689441,2016-06-23
2016,6,24,29.1572762886598,2016-06-24
2016,6,25,29.2628649484536,2016-06-25
2016,6,26,26.8539759259259,2016-06-26
2016,6,27,27.0105149484536,2016-06-27
2016,6,28,27.0373020833333,2016-06-28
2016,6,29,28.0536590673575,2016-06-29
2016,6,30,26.6064392857143,2016-06-30
2016,7,1,25.5762128865979,2016-07-01
2016,7,2,26.4373274611399,2016-07-02
2016,7,3,27.5745707692308,2016-07-03
2016,7,4,28.6435119170984,2016-07-04
2016,7,5,28.7363901554404,2016-07-05
2016,7,6,29.2330765625,2016-07-06
2016,7,7,27.851082208589,2016-07-07
2016,7,8,30.5218079268293,2016-07-08
2016,7,9,29.60228125,2016-07-09
2016,7,10,29.3961505208333,2016-07-10
2016,7,11,27.9887533678756,2016-07-11
2016,7,12,27.9380953367876,2016-07-12
2016,7,13,26.5105229166667,2016-07-13
2016,7,14,27.3323233160622,2016-07-14
2016,7,15,26.0724417525773,2016-07-15
2016,7,16,25.1170653225806,2016-07-16
2016,7,17,26.5226371134021,2016-07-17
2016,7,18,26.6588546391753,2016-07-18
2016,7,19,27.7952454545455,2016-07-19
2016,7,20,27.815115625,2016-07-20
2016,7,21,28.195496875,2016-07-21
2016,7,22,26.793865,2016-07-22
2016,7,23,26.6637325581395,2016-07-23
2016,7,24,27.5692289156627,2016-07-24
2016,7,25,25.6032473684211,2016-07-25
2016,7,26,28.6217480446927,2016-07-26
2016,7,27,29.3720656050955,2016-07-27
2016,7,28,29.4287091503268,2016-07-28
2016,7,29,28.9531862745098,2016-07-29
2016,7,30,27.2000909638554,2016-07-30
2016,7,31,27.1713170454545,2016-07-31
2016,8,1,26.4040496124031,2016-08-01
2016,8,2,25.6353,2016-08-02
2016,8,3,27.0468232258065,2016-08-03
2016,8,4,26.0083068571429,2016-08-04
2016,8,5,26.1429693989071,2016-08-05
2016,8,6,25.2390824858757,2016-08-06
2016,8,7,25.2456354166667,2016-08-07
2016,8,8,25.6940815068493,2016-08-08
2016,8,9,26.0696479452055,2016-08-09
2016,8,10,26.6089766423358,2016-08-10
2016,8,11,27.0075428571429,2016-08-11
2016,8,12,29.1463818181818,2016-08-12
2016,8,13,26.2746115384615,2016-08-13
2016,8,14,26.2326789915966,2016-08-14
2016,8,15,26.7344245283019,2016-08-15
2016,8,16,27.3867983606557,2016-08-16
2016,8,17,27.634724,2016-08-17
2016,8,18,29.3985459016393,2016-08-18
2016,8,19,27.8781571428571,2016-08-19
2016,8,20,28.2207583333333,2016-08-20
2016,8,21,27.3489253164557,2016-08-21
2016,8,22,28.2502476923077,2016-08-22
2016,8,23,28.7373744186047,2016-08-23
2016,8,24,28.8928663793103,2016-08-24
2016,8,25,27.3447291666667,2016-08-25
2016,8,26,26.7988416666667,2016-08-26
2016,8,27,26.7161186206897,2016-08-27
2016,8,28,27.6470434482759,2016-08-28
2016,8,29,27.050093877551,2016-08-29
2016,8,30,24.8014383561644,2016-08-30
2016,8,31,25.3168805369128,2016-08-31
2016,9,1,24.3891739130435,2016-09-01
2016,9,2,26.6196825,2016-09-02
2016,9,3,25.1909680851064,2016-09-03
2016,9,4,24.2308339805825,2016-09-04
2016,9,5,26.0135358490566,2016-09-05
2016,9,6,24.101604137931,2016-09-06
2016,9,7,25.2275386861314,2016-09-07
2016,9,8,25.2246777777778,2016-09-08
2016,9,9,25.1397102739726,2016-09-09
2016,9,10,26.8981055172414,2016-09-10
2016,9,11,27.3567685714286,2016-09-11
2016,9,12,26.3012128378378,2016-09-12
2016,9,13,24.7624176870748,2016-09-13
2016,9,14,24.508827972028,2016-09-14
2016,9,15,26.7423491935484,2016-09-15
2016,9,16,26.5201013605442,2016-09-16
2016,9,17,26.67138,2016-09-17
2016,9,18,27.2544633587786,2016-09-18
2016,9,19,27.2807706293706,2016-09-19
2016,9,20,25.2061392857143,2016-09-20
2016,9,21,26.4123937007874,2016-09-21
2016,9,22,26.3765335714286,2016-09-22
2016,9,23,26.5672237037037,2016-09-23
2016,9,24,26.7705694656489,2016-09-24
2016,9,25,26.7430787401575,2016-09-25
2016,9,26,26.0035528571429,2016-09-26
2016,9,27,26.2085645390071,2016-09-27
2016,9,28,25.0645,2016-09-28
2016,9,29,24.7450490566038,2016-09-29
2016,9,30,26.3919260162602,2016-09-30
2016,10,1,26.1194416666667,2016-10-01
2016,10,2,25.1955905109489,2016-10-02
2016,10,3,23.7484017094017,2016-10-03
2016,10,4,24.6488082758621,2016-10-04
2016,10,5,23.2553741007194,2016-10-05
2016,10,6,22.1913969072165,2016-10-06
2016,10,7,23.1695174418605,2016-10-07
2016,10,9,26.9384888888889,2016-10-09
2016,10,10,19.8907316831683,2016-10-10
2016,10,11,20.1821427083333,2016-10-11
2016,10,12,21.720881443299,2016-10-12
2016,10,13,22.9035346938775,2016-10-13
2016,10,14,21.9516256097561,2016-10-14
2016,10,15,22.4488739583333,2016-10-15
2016,10,16,23.3096171717172,2016-10-16
2016,10,17,23.5777714285714,2016-10-17
2016,10,18,22.8490606060606,2016-10-18
2016,10,19,21.2207756097561,2016-10-19
2016,10,20,22.6435878787879,2016-10-20
2016,10,21,23.0649989690722,2016-10-21
2016,10,22,17.3647340206186,2016-10-22
2016,10,23,15.20489375,2016-10-23
2016,10,24,16.8070343137255,2016-10-24
2016,10,25,17.794,2016-10-25
2016,10,26,22.2912454545455,2016-10-26
2016,10,27,21.0915765306122,2016-10-27
2016,10,28,21.4205612244898,2016-10-28
2016,10,29,21.3763340206186,2016-10-29
2016,10,30,22.5759275510204,2016-10-30
2016,10,31,21.182006,2016-10-31
2016,11,1,21.0076212121212,2016-11-01
2016,11,2,22.819724742268,2016-11-02
2016,11,3,20.8381020618557,2016-11-03
2016,11,4,21.6245742268041,2016-11-04
2016,11,5,19.4052701030928,2016-11-05
2016,11,6,18.3116354166667,2016-11-06
2016,11,7,20.1516515463918,2016-11-07
2016,11,8,18.5227404040404,2016-11-08
2016,11,9,18.7089734693878,2016-11-09
2016,11,10,17.0219811881188,2016-11-10
2016,11,11,15.2663929292929,2016-11-11
2016,11,12,16.723351,2016-11-12
2016,11,13,18.2489412371134,2016-11-13
2016,11,14,15.8156357142857,2016-11-14
2016,11,15,14.4437786407767,2016-11-15
2016,11,16,15.5621546391753,2016-11-16
2016,11,17,15.6018680412371,2016-11-17
2016,11,18,15.9772742268041,2016-11-18
2016,11,19,17.1470081632653,2016-11-19
2016,11,20,12.1372202020202,2016-11-20
2016,11,21,9.80249175257732,2016-11-21
2016,11,22,12.0838336734694,2016-11-22
2016,11,23,16.9910525773196,2016-11-23
2016,11,24,19.823893814433,2016-11-24
2016,11,25,19.7706191919192,2016-11-25
2016,11,26,17.4121375,2016-11-26
2016,11,27,14.7017663265306,2016-11-27
2016,11,28,16.2894783505155,2016-11-28
2016,11,29,21.8738670103093,2016-11-29
2016,11,30,21.943523,2016-11-30
2016,12,1,19.5357466666667,2016-12-01
2016,12,2,13.0157227722772,2016-12-02
2016,12,3,13.2161565656566,2016-12-03
2016,12,4,17.5867838383838,2016-12-04
2016,12,5,22.0786917525773,2016-12-05
2016,12,6,23.3421494845361,2016-12-06
2016,12,7,17.114062244898,2016-12-07
2016,12,8,14.168197979798,2016-12-08
2016,12,9,11.4914826530612,2016-12-09
2016,12,10,9.31710404040404,2016-12-10
2016,12,11,13.798985,2016-12-11
2016,12,12,20.1365153061224,2016-12-12
2016,12,13,19.8737391304348,2016-12-13
2016,12,14,20.34407,2016-12-14
2016,12,15,19.000662745098,2016-12-15
2016,12,16,13.7573075471698,2016-12-16
2016,12,17,19.0554230769231,2016-12-17
2016,12,18,22.6333156862745,2016-12-18
2016,12,19,22.1763403846154,2016-12-19
2016,12,20,12.80401875,2016-12-20
2016,12,21,10.836826,2016-12-21
2016,12,22,7.99236451612903,2016-12-22
2016,12,27,25.087755,2016-12-27
2016,12,28,19.9989770833333,2016-12-28
2016,12,29,19.5376701388889,2016-12-29
2016,12,30,10.7127597222222,2016-12-30
2016,12,31,9.42452108843537,2016-12-31
2017,1,1,17.4701125,2017-01-01
2017,1,2,20.9720430555556,2017-01-02
2017,1,3,21.8954895833333,2017-01-03
2017,1,4,19.56571875,2017-01-04
2017,1,5,15.9502972222222,2017-01-05
2017,1,6,15.7579194444444,2017-01-06
2017,1,7,13.0341736111111,2017-01-07
2017,1,8,2.90069236111111,2017-01-08
2017,1,9,5.53337083333333,2017-01-09
2017,1,10,10.7283715277778,2017-01-10
2017,1,11,14.8848583333333,2017-01-11
2017,1,12,17.1224673611111,2017-01-12
2017,1,13,18.1018708333333,2017-01-13
2017,1,14,18.283075,2017-01-14
2017,1,15,18.3269222222222,2017-01-15
2017,1,16,18.5041979166667,2017-01-16
2017,1,17,18.4820340277778,2017-01-17
2017,1,18,18.8748548611111,2017-01-18
2017,1,19,20.251075,2017-01-19
2017,1,20,20.3594470198675,2017-01-20
2017,1,21,21.2622729166667,2017-01-21
2017,1,22,23.1817369791667,2017-01-22
2017,1,23,16.0606223958333,2017-01-23
2017,1,24,15.2521494444444,2017-01-24
2017,1,25,14.4056905759162,2017-01-25
2017,1,26,19.0631395833333,2017-01-26
2017,1,27,14.230175,2017-01-27
2017,1,28,8.56150208333333,2017-01-28
2017,1,29,9.1711,2017-01-29
2017,1,30,10.5626525,2017-01-30
2017,1,31,11.5395428571429,2017-01-31
2017,2,1,13.1468085,2017-02-01
2017,2,2,14.87996,2017-02-02
2017,2,3,16.5526791666667,2017-02-03
2017,2,4,15.1216358333333,2017-02-04
2017,2,5,13.57712875,2017-02-05
2017,2,6,16.0723766666667,2017-02-06
2017,2,7,17.3974795,2017-02-07
2017,2,8,20.605100625,2017-02-08
2017,2,9,22.35024375,2017-02-09
2017,2,10,12.7674275,2017-02-10
2017,2,11,15.01397,2017-02-11
2017,2,12,17.6225508333333,2017-02-12
2017,2,13,20.1937633333333,2017-02-13
2017,2,14,16.6696254166667,2017-02-14
2017,2,15,20.1254941666667,2017-02-15
2017,2,16,14.69532,2017-02-16
2017,2,17,12.9066283333333,2017-02-17
2017,2,18,14.7987775,2017-02-18
2017,2,19,19.6066366666667,2017-02-19
2017,2,20,18.6407854166667,2017-02-20
2017,2,21,18.5881876595745,2017-02-21
2017,2,22,18.5008108333333,2017-02-22
2017,2,23,19.1781379166667,2017-02-23
2017,2,24,20.39501875,2017-02-24
2017,2,25,20.7481854166667,2017-02-25
2017,2,26,17.1423629166667,2017-02-26
2017,2,27,16.96454,2017-02-27
2017,2,28,22.9222110204082,2017-02-28
2017,3,1,23.3457891666667,2017-03-01
2017,3,2,18.7882920833333,2017-03-02
2017,3,3,14.64460875,2017-03-03
2017,3,4,12.2317913043478,2017-03-04
2017,3,5,15.4202741666667,2017-03-05
2017,3,6,16.77275,2017-03-06
2017,3,7,17.8345783333333,2017-03-07
2017,3,8,21.1605645833333,2017-03-08
2017,3,9,21.1772533333333,2017-03-09
2017,3,10,19.6297245833333,2017-03-10
2017,3,11,18.4638245833333,2017-03-11
2017,3,12,17.0440666666667,2017-03-12
2017,3,13,15.403995,2017-03-13
2017,3,14,12.61554375,2017-03-14
2017,3,15,8.87972291666667,2017-03-15
2017,3,16,7.68171375,2017-03-16
2017,3,17,10.88292125,2017-03-17
2017,3,18,15.0640645833333,2017-03-18
2017,3,19,17.96095,2017-03-19
2017,3,20,14.5299420833333,2017-03-20
2017,3,21,16.353576,2017-03-21
2017,3,22,22.2456375,2017-03-22
2017,3,23,19.4225391666667,2017-03-23
2017,3,24,17.9807629166667,2017-03-24
2017,3,25,19.63623,2017-03-25
2017,3,26,20.9498158333333,2017-03-26
2017,3,27,21.48142625,2017-03-27
2017,3,28,22.285115,2017-03-28
2017,3,29,21.2611905,2017-03-29
2017,3,30,23.4614491666667,2017-03-30
2017,3,31,23.6583126530612,2017-03-31
2017,4,1,22.9845095833333,2017-04-01
2017,4,2,22.6780620833333,2017-04-02
2017,4,3,26.0589883333333,2017-04-03
2017,4,4,21.0313991666667,2017-04-04
2017,4,5,23.8844025,2017-04-05
2017,4,6,23.1600441666667,2017-04-06
2017,4,7,16.5076466666667,2017-04-07
2017,4,8,15.51009,2017-04-08
2017,4,9,16.4339291666667,2017-04-09
2017,4,10,19.1322975,2017-04-10
2017,4,11,19.9142385,2017-04-11
2017,4,12,20.3802629166667,2017-04-12
2017,4,13,20.1416633333333,2017-04-13
2017,4,14,20.4702666666667,2017-04-14
2017,4,15,21.21730875,2017-04-15
2017,4,16,21.29123625,2017-04-16
2017,4,17,21.5762708333333,2017-04-17
2017,4,18,22.3987983333333,2017-04-18
2017,4,19,21.0170632432432,2017-04-19
2017,4,20,22.18027875,2017-04-20
2017,4,21,21.88498125,2017-04-21
2017,4,22,25.0079295,2017-04-22
2017,4,23,24.6488758333333,2017-04-23
2017,4,24,21.9700991666667,2017-04-24
2017,4,25,19.3162179166667,2017-04-25
2017,4,26,20.8279125,2017-04-26
2017,4,27,24.56311125,2017-04-27
2017,4,28,26.7054025,2017-04-28
2017,4,29,27.5381416666667,2017-04-29
2017,4,30,26.3195791836735,2017-04-30
2017,5,1,26.7908533333333,2017-05-01
2017,5,2,24.981574,2017-05-02
2017,5,3,23.3676691666667,2017-05-03
2017,5,4,24.1404908333333,2017-05-04
2017,5,5,21.1262266666667,2017-05-05
2017,5,6,18.94831875,2017-05-06
2017,5,7,21.100018,2017-05-07
2017,5,8,23.094804,2017-05-08
2017,5,9,23.428117,2017-05-09
2017,5,10,25.3738375,2017-05-10
2017,5,11,26.5986120833333,2017-05-11
2017,5,12,25.3884170833333,2017-05-12
2017,5,13,22.5585866666667,2017-05-13
2017,5,14,22.06338625,2017-05-14
2017,5,15,23.375686,2017-05-15
2017,5,16,24.9384583333333,2017-05-16
2017,5,17,26.201864,2017-05-17
2017,5,18,26.23687375,2017-05-18
2017,5,19,24.27237125,2017-05-19
2017,5,20,27.5810525,2017-05-20
2017,5,21,26.5615366666667,2017-05-21
2017,5,22,25.2219495833333,2017-05-22
2017,5,23,25.3131666666667,2017-05-23
2017,5,24,22.7651995833333,2017-05-24
2017,5,25,22.8218741666667,2017-05-25
2017,5,26,22.3367991666667,2017-05-26
2017,5,27,24.3036404166667,2017-05-27
2017,5,28,25.7533845833333,2017-05-28
2017,5,29,28.41253125,2017-05-29
2017,5,30,27.2857679166667,2017-05-30
2017,5,31,26.168292244898,2017-05-31
2017,6,1,26.5916745833333,2017-06-01
2017,6,2,23.44940375,2017-06-02
2017,6,3,23.91268,2017-06-03
2017,6,4,24.7452975,2017-06-04
2017,6,5,24.9752720833333,2017-06-05
2017,6,6,23.0498895833333,2017-06-06
2017,6,7,22.97732125,2017-06-07
2017,6,8,21.4653466666667,2017-06-08
2017,6,9,22.8001108333333,2017-06-09
2017,6,10,24.4414441666667,2017-06-10
2017,6,11,25.6026466666667,2017-06-11
2017,6,12,24.5268116666667,2017-06-12
2017,6,13,24.26486375,2017-06-13
2017,6,14,24.3601216666667,2017-06-14
2017,6,15,24.9917304166667,2017-06-15
2017,6,16,23.7504416666667,2017-06-16
2017,6,17,25.7177833333333,2017-06-17
2017,6,18,25.6140366666667,2017-06-18
2017,6,19,24.36637,2017-06-19
2017,6,20,25.41704375,2017-06-20
2017,6,21,26.9671316666667,2017-06-21
2017,6,22,26.73600625,2017-06-22
2017,6,23,26.9943615,2017-06-23
2017,6,24,28.1793025,2017-06-24
2017,6,25,27.61445125,2017-06-25
2017,6,26,26.7284991666667,2017-06-26
2017,6,27,24.0107575,2017-06-27
2017,6,28,25.02207625,2017-06-28
2017,6,29,26.4006720833333,2017-06-29
2017,6,30,27.2488755102041,2017-06-30
2017,7,1,26.2934066666667,2017-07-01
2017,7,2,27.5885333333333,2017-07-02
2017,7,3,27.83749625,2017-07-03
2017,7,4,28.0923379166667,2017-07-04
2017,7,5,26.3715775,2017-07-05
2017,7,6,26.2655975,2017-07-06
2017,7,7,27.221065,2017-07-07
2017,7,8,26.564876875,2017-07-08
2017,7,9,26.3456625,2017-07-09
2017,7,10,25.1487154166667,2017-07-10
2017,7,11,24.8707229166667,2017-07-11
2017,7,12,26.3561975,2017-07-12
2017,7,13,26.5030575,2017-07-13
2017,7,14,27.6079916666667,2017-07-14
2017,7,15,27.83226875,2017-07-15
2017,7,16,27.22079875,2017-07-16
2017,7,17,25.590565,2017-07-17
2017,7,18,26.1936620833333,2017-07-18
2017,7,19,26.192877,2017-07-19
2017,7,20,26.2664595833333,2017-07-20
2017,7,21,26.3524545833333,2017-07-21
2017,7,22,25.5204395833333,2017-07-22
2017,7,23,25.4361805,2017-07-23
2017,7,24,26.70636125,2017-07-24
2017,7,25,27.0198555,2017-07-25
2017,7,26,28.1411954166667,2017-07-26
2017,7,27,26.65745875,2017-07-27
2017,7,28,26.7819341666667,2017-07-28
2017,7,29,27.1932379166667,2017-07-29
2017,7,30,24.9329970833333,2017-07-30
2017,7,31,25.2300930612245,2017-07-31
2017,8,1,25.6874395833333,2017-08-01
2017,8,2,25.0778508333333,2017-08-02
2017,8,3,24.2640666666667,2017-08-03
2017,8,4,25.7556875,2017-08-04
2017,8,5,26.4664554166667,2017-08-05
2017,8,6,26.429654,2017-08-06
2017,8,7,28.42864375,2017-08-07
2017,8,8,27.5045554166667,2017-08-08
2017,8,9,25.2682875,2017-08-09
2017,8,10,27.01687625,2017-08-10
2017,8,11,27.7935304166667,2017-08-11
2017,8,12,28.11463875,2017-08-12
2017,8,13,26.539807,2017-08-13
2017,8,14,27.289515,2017-08-14
2017,8,15,27.29369,2017-08-15
2017,8,16,27.5822,2017-08-16
2017,8,17,27.4475327014218,2017-08-17
2017,8,18,25.2787379166667,2017-08-18
2017,8,19,26.5773129166667,2017-08-19
2017,8,20,26.4150320833333,2017-08-20
2017,8,21,25.8664470833333,2017-08-21
2017,8,22,27.1897497512438,2017-08-22
2017,8,23,27.5567552083333,2017-08-23
2017,8,24,27.621199408284,2017-08-24
2017,8,25,27.09625,2017-08-25
2017,8,26,26.4941590277778,2017-08-26
2017,8,27,25.5190983471074,2017-08-27
2017,8,28,25.3161510416667,2017-08-28
2017,8,29,25.3049229166667,2017-08-29
2017,8,30,26.6242364583333,2017-08-30
2017,8,31,28.426013836478,2017-08-31
2017,9,1,26.5950875,2017-09-01
2017,9,2,23.7821433333333,2017-09-02
2017,9,3,25.7296041860465,2017-09-03
2017,9,4,25.99068375,2017-09-04
2017,9,5,26.0697491666667,2017-09-05
2017,9,6,25.2683325,2017-09-06
2017,9,7,24.7122145833333,2017-09-07
2017,9,8,25.3405054166667,2017-09-08
2017,9,9,25.1374804166667,2017-09-09
2017,9,10,22.9976858333333,2017-09-10
2017,9,11,22.980244,2017-09-11
2017,9,19,30.0742693333333,2017-09-19
2017,9,20,25.8189045833333,2017-09-20
2017,9,21,25.8779576271186,2017-09-21
2017,9,22,25.222588,2017-09-22
2017,9,23,24.7000411764706,2017-09-23
2017,9,24,26.169914,2017-09-24
2017,9,25,25.5765588235294,2017-09-25
2017,9,26,26.0584269230769,2017-09-26
2017,9,27,26.5305547169811,2017-09-27
2017,9,28,26.9589462962963,2017-09-28
2017,9,29,26.6975980769231,2017-09-29
2017,9,30,24.9998965517241,2017-09-30
2017,10,1,23.09216,2017-10-01
2017,10,2,24.0717884615385,2017-10-02
2017,10,3,24.6454833333333,2017-10-03
2017,10,4,24.1124780487805,2017-10-04
2017,10,5,25.9013,2017-10-05
2017,10,6,29.9390692307692,2017-10-06
2017,10,7,30.6643181818182,2017-10-07
2017,10,8,29.64195,2017-10-08
2017,10,9,29.8434842105263,2017-10-09
2017,10,10,29.191736,2017-10-10
2017,10,11,28.4613565217391,2017-10-11
2017,10,12,28.6800882352941,2017-10-12
2017,10,13,28.7757777777778,2017-10-13
2017,10,14,28.7356666666667,2017-10-14
2017,10,15,28.5555307692308,2017-10-15
2017,10,16,29.3227222222222,2017-10-16
2017,10,17,26.28655,2017-10-17
2017,10,18,27.4885,2017-10-18
2017,10,20,27.3075,2017-10-20
2017,10,22,28.9019,2017-10-22
2017,10,23,24.7813,2017-10-23
2017,10,24,23.99535,2017-10-24
2017,10,28,25.1547333333333,2017-10-28
2017,10,29,21.2659,2017-10-29
2017,11,2,26.5486,2017-11-02
2017,11,3,26.1884666666667,2017-11-03
2017,11,4,26.3483,2017-11-04
2017,11,7,26.7558,2017-11-07
2017,11,8,26.49035,2017-11-08
2017,12,2,25.9352,2017-12-02
2017,12,9,11.0044,2017-12-09
2017,12,12,20.0976714285714,2017-12-12
2018,1,1,6.47876805555556,2018-01-01
2018,1,2,1.73440138888889,2018-01-02
2018,1,3,2.28431214285714,2018-01-03
2018,1,4,2.14055211267606,2018-01-04
2018,1,5,2.73121527777778,2018-01-05
2018,1,6,4.58232569444444,2018-01-06
2018,1,7,6.27912569444444,2018-01-07
2018,1,8,10.0798722222222,2018-01-08
2018,1,9,16.7049,2018-01-09
2018,1,10,18.1806597222222,2018-01-10
2018,1,11,19.6379131944444,2018-01-11
2018,1,12,19.0963291666667,2018-01-12
2018,1,13,11.2663444444444,2018-01-13
2018,1,14,5.25404930555556,2018-01-14
2018,1,15,6.5497,2018-01-15
2018,1,16,8.64788402777778,2018-01-16
2018,1,17,8.58056805555556,2018-01-17
2018,1,18,1.54322222222222,2018-01-18
2018,1,19,5.99689166666667,2018-01-19
2018,1,20,9.06084444444445,2018-01-20
2018,1,21,14.1093770833333,2018-01-21
2018,1,22,16.97073125,2018-01-22
2018,1,23,19.9330131944444,2018-01-23
2018,1,24,12.5785631944444,2018-01-24
2018,1,25,11.4342527777778,2018-01-25
2018,1,26,12.2292048611111,2018-01-26
2018,1,27,17.1091909722222,2018-01-27
2018,1,28,18.5990784722222,2018-01-28
2018,1,29,17.4734451388889,2018-01-29
2018,1,30,10.9063376712329,2018-01-30
2018,1,31,8.27178904109589,2018-01-31
2018,2,1,12.7976159722222,2018-02-01
2018,2,2,15.5849013888889,2018-02-02
2018,2,3,10.7836458333333,2018-02-03
2018,2,4,15.26186875,2018-02-04
2018,2,5,16.7129381944444,2018-02-05
2018,2,6,14.6597013888889,2018-02-06
2018,2,7,19.5171020833333,2018-02-07
2018,2,8,18.5282294520548,2018-02-08
2018,2,9,17.6017881944444,2018-02-09
2018,2,10,21.5378256944444,2018-02-10
2018,2,11,22.3933597222222,2018-02-11
2018,2,12,21.4915548611111,2018-02-12
2018,2,13,18.0863583333333,2018-02-13
2018,2,14,14.1832930555556,2018-02-14
2018,2,15,17.9853485507246,2018-02-15
2018,2,16,20.0740138888889,2018-02-16
2018,2,17,20.8753395833333,2018-02-17
2018,2,18,20.9539111111111,2018-02-18
2018,2,19,20.8934479166667,2018-02-19
2018,2,20,22.3053111111111,2018-02-20
2018,2,21,23.3562659722222,2018-02-21
2018,2,22,22.1833319444444,2018-02-22
2018,2,23,21.5540833333333,2018-02-23
2018,2,24,21.8300875,2018-02-24
2018,2,25,23.3726972222222,2018-02-25
2018,2,26,22.62909375,2018-02-26
2018,2,27,18.7186666666667,2018-02-27
2018,2,28,18.7495854166667,2018-02-28
2018,3,1,22.5180722222222,2018-03-01
2018,3,2,20.3337708333333,2018-03-02
2018,3,3,15.0886111111111,2018-03-03
2018,3,4,13.3398722222222,2018-03-04
2018,3,5,12.5612145833333,2018-03-05
2018,3,6,15.87631875,2018-03-06
2018,3,7,17.9407097222222,2018-03-07
2018,3,8,10.8018118055556,2018-03-08
2018,3,9,11.0230506944444,2018-03-09
2018,3,10,13.3201638888889,2018-03-10
2018,3,11,18.26661875,2018-03-11
2018,3,12,17.7921986111111,2018-03-12
2018,3,13,10.18318125,2018-03-13
2018,3,14,11.6814534722222,2018-03-14
2018,3,15,11.4428517985612,2018-03-15
2018,3,16,14.0316076388889,2018-03-16
2018,3,17,17.7994173611111,2018-03-17
2018,3,18,19.9975826388889,2018-03-18
2018,3,19,19.5941978873239,2018-03-19
2018,3,20,20.9585923611111,2018-03-20
2018,3,21,15.3567215277778,2018-03-21
2018,3,22,12.2918513888889,2018-03-22
2018,3,23,12.8167222222222,2018-03-23
2018,3,24,16.2092222222222,2018-03-24
2018,3,25,19.0948909722222,2018-03-25
2018,3,26,15.2492090277778,2018-03-26
2018,3,27,17.94788125,2018-03-27
2018,3,28,19.3076715277778,2018-03-28
2018,3,29,20.7704395833333,2018-03-29
2018,3,30,20.0276444444444,2018-03-30
2018,3,31,17.7567541666667,2018-03-31
2018,4,1,17.9673125,2018-04-01
2018,4,2,20.8529298611111,2018-04-02
2018,4,3,22.8265513888889,2018-04-03
2018,4,4,21.6936541666667,2018-04-04
2018,4,5,17.5914090277778,2018-04-05
2018,4,6,19.3033034722222,2018-04-06
2018,4,7,21.4293305555556,2018-04-07
2018,4,8,17.3505930555556,2018-04-08
2018,4,9,17.4564395833333,2018-04-09
2018,4,10,16.7149046153846,2018-04-10
2018,4,11,15.9277426573427,2018-04-11
2018,4,12,17.4456368055556,2018-04-12
2018,4,13,20.6135027777778,2018-04-13
2018,4,14,22.0595513888889,2018-04-14
2018,4,15,22.5297826388889,2018-04-15
2018,4,16,14.396125,2018-04-16
2018,4,17,16.0448368055556,2018-04-17
2018,4,18,20.2485631944444,2018-04-18
2018,4,19,20.4513777777778,2018-04-19
2018,4,20,18.5714166666667,2018-04-20
2018,4,21,19.8440305555556,2018-04-21
2018,4,22,21.3450798611111,2018-04-22
2018,4,23,22.8840395833333,2018-04-23
2018,4,24,21.5291255319149,2018-04-24
2018,4,25,19.8882569444444,2018-04-25
2018,4,26,20.5133090277778,2018-04-26
2018,4,27,21.5360611111111,2018-04-27
2018,4,28,20.6650298611111,2018-04-28
2018,4,29,22.3666708333333,2018-04-29
2018,4,30,20.9836361111111,2018-04-30
2018,5,1,20.5551486111111,2018-05-01
2018,5,2,20.7445763888889,2018-05-02
2018,5,3,21.0901416666667,2018-05-03
2018,5,4,22.3716548611111,2018-05-04
2018,5,5,21.8965416666667,2018-05-05
2018,5,6,24.0173951388889,2018-05-06
2018,5,7,24.7195743055556,2018-05-07
2018,5,8,22.6152291666667,2018-05-08
2018,5,9,22.1822416666667,2018-05-09
2018,5,10,23.4250451388889,2018-05-10
2018,5,11,25.8689201388889,2018-05-11
2018,5,12,25.3450326388889,2018-05-12
2018,5,13,22.5363340277778,2018-05-13
2018,5,14,21.81620625,2018-05-14
2018,5,15,21.8071388888889,2018-05-15
2018,5,16,21.98206875,2018-05-16
2018,5,17,22.8916048611111,2018-05-17
2018,5,18,22.7976305555556,2018-05-18
2018,5,19,23.70623125,2018-05-19
2018,5,20,22.0192708333333,2018-05-20
2018,5,21,22.5986645833333,2018-05-21
2018,5,22,23.6391625,2018-05-22
2018,5,23,24.7548125,2018-05-23
2018,5,24,25.4509013888889,2018-05-24
2018,5,25,25.3146041666667,2018-05-25
2018,5,26,24.6128777777778,2018-05-26
2018,5,27,23.7454979166667,2018-05-27
2018,5,28,25.2236222222222,2018-05-28
2018,5,29,24.4218625,2018-05-29
2018,5,30,23.0187145833333,2018-05-30
2018,5,31,24.4120007352941,2018-05-31
2018,6,1,25.7700697916667,2018-06-01
2018,6,2,25.9955822916667,2018-06-02
2018,6,3,25.6906443298969,2018-06-03
2018,6,4,26.8195191489362,2018-06-04
2018,6,5,26.7422791666667,2018-06-05
2018,6,6,23.0367666666667,2018-06-06
2018,6,7,24.3249756944444,2018-06-07
2018,6,8,24.0741430555556,2018-06-08
2018,6,9,24.7043215277778,2018-06-09
2018,6,10,24.1916895833333,2018-06-10
2018,6,11,24.7075395833333,2018-06-11
2018,6,12,23.9541486111111,2018-06-12
2018,6,13,25.7132784722222,2018-06-13
2018,6,14,26.3287319444444,2018-06-14
2018,6,15,26.8909506944444,2018-06-15
2018,6,16,25.5971097222222,2018-06-16
2018,6,17,25.7813902777778,2018-06-17
2018,6,18,26.8084006944444,2018-06-18
2018,6,19,25.7381333333333,2018-06-19
2018,6,20,25.9169992753623,2018-06-20
2018,6,21,26.1112510416667,2018-06-21
2018,6,22,28.464046875,2018-06-22
2018,6,23,28.4722181818182,2018-06-23
2018,6,24,27.9818152777778,2018-06-24
2018,6,25,26.9772652777778,2018-06-25
2018,6,26,27.1436194444444,2018-06-26
2018,6,27,26.0885520833333,2018-06-27
2018,6,28,26.9655507575758,2018-06-28
2018,6,29,25.5027903508772,2018-06-29
2018,6,30,25.1874416666667,2018-06-30
